id,kode_provinsi,nama_provinsi,kode_kabupaten_kota,nama_kabupaten_kota,kategori_disabilitas,jumlah_penduduk,satuan,tahun
1,32,JAWA BARAT,3201,KABUPATEN BOGOR,CACAT FISIK,634,JIWA,2013
2,32,JAWA BARAT,3201,KABUPATEN BOGOR,CACAT NETRA/BUTA,203,JIWA,2013
3,32,JAWA BARAT,3201,KABUPATEN BOGOR,CACAT RUNGU/WICARA,229,JIWA,2013
4,32,JAWA BARAT,3201,KABUPATEN BOGOR,CACAT MENTAL/JIWA,215,JIWA,2013
5,32,JAWA BARAT,3201,KABUPATEN BOGOR,CACAT FISIK DAN MENTAL,106,JIWA,2013
6,32,JAWA BARAT,3201,KABUPATEN BOGOR,CACAT LAINNYA,102,JIWA,2013
7,32,JAWA BARAT,3202,KABUPATEN SUKABUMI,CACAT FISIK,296,JIWA,2013
8,32,JAWA BARAT,3202,KABUPATEN SUKABUMI,CACAT NETRA/BUTA,177,JIWA,2013
9,32,JAWA BARAT,3202,KABUPATEN SUKABUMI,CACAT RUNGU/WICARA,151,JIWA,2013
10,32,JAWA BARAT,3202,KABUPATEN SUKABUMI,CACAT MENTAL/JIWA,114,JIWA,2013
11,32,JAWA BARAT,3202,KABUPATEN SUKABUMI,CACAT FISIK DAN MENTAL,30,JIWA,2013
12,32,JAWA BARAT,3202,KABUPATEN SUKABUMI,CACAT LAINNYA,139,JIWA,2013
13,32,JAWA BARAT,3203,KABUPATEN CIANJUR,CACAT FISIK,397,JIWA,2013
14,32,JAWA BARAT,3203,KABUPATEN CIANJUR,CACAT NETRA/BUTA,173,JIWA,2013
15,32,JAWA BARAT,3203,KABUPATEN CIANJUR,CACAT RUNGU/WICARA,160,JIWA,2013
16,32,JAWA BARAT,3203,KABUPATEN CIANJUR,CACAT MENTAL/JIWA,143,JIWA,2013
17,32,JAWA BARAT,3203,KABUPATEN CIANJUR,CACAT FISIK DAN MENTAL,44,JIWA,2013
18,32,JAWA BARAT,3203,KABUPATEN CIANJUR,CACAT LAINNYA,148,JIWA,2013
19,32,JAWA BARAT,3204,KABUPATEN BANDUNG,CACAT FISIK,1377,JIWA,2013
20,32,JAWA BARAT,3204,KABUPATEN BANDUNG,CACAT NETRA/BUTA,286,JIWA,2013
21,32,JAWA BARAT,3204,KABUPATEN BANDUNG,CACAT RUNGU/WICARA,257,JIWA,2013
22,32,JAWA BARAT,3204,KABUPATEN BANDUNG,CACAT MENTAL/JIWA,183,JIWA,2013
23,32,JAWA BARAT,3204,KABUPATEN BANDUNG,CACAT FISIK DAN MENTAL,80,JIWA,2013
24,32,JAWA BARAT,3204,KABUPATEN BANDUNG,CACAT LAINNYA,660,JIWA,2013
25,32,JAWA BARAT,3205,KABUPATEN GARUT,CACAT FISIK,447,JIWA,2013
26,32,JAWA BARAT,3205,KABUPATEN GARUT,CACAT NETRA/BUTA,328,JIWA,2013
27,32,JAWA BARAT,3205,KABUPATEN GARUT,CACAT RUNGU/WICARA,320,JIWA,2013
28,32,JAWA BARAT,3205,KABUPATEN GARUT,CACAT MENTAL/JIWA,227,JIWA,2013
29,32,JAWA BARAT,3205,KABUPATEN GARUT,CACAT FISIK DAN MENTAL,135,JIWA,2013
30,32,JAWA BARAT,3205,KABUPATEN GARUT,CACAT LAINNYA,112,JIWA,2013
31,32,JAWA BARAT,3206,KABUPATEN TASIKMALAYA,CACAT FISIK,357,JIWA,2013
32,32,JAWA BARAT,3206,KABUPATEN TASIKMALAYA,CACAT NETRA/BUTA,171,JIWA,2013
33,32,JAWA BARAT,3206,KABUPATEN TASIKMALAYA,CACAT RUNGU/WICARA,202,JIWA,2013
34,32,JAWA BARAT,3206,KABUPATEN TASIKMALAYA,CACAT MENTAL/JIWA,241,JIWA,2013
35,32,JAWA BARAT,3206,KABUPATEN TASIKMALAYA,CACAT FISIK DAN MENTAL,51,JIWA,2013
36,32,JAWA BARAT,3206,KABUPATEN TASIKMALAYA,CACAT LAINNYA,67,JIWA,2013
37,32,JAWA BARAT,3207,KABUPATEN CIAMIS,CACAT FISIK,12638,JIWA,2013
38,32,JAWA BARAT,3207,KABUPATEN CIAMIS,CACAT NETRA/BUTA,1801,JIWA,2013
39,32,JAWA BARAT,3207,KABUPATEN CIAMIS,CACAT RUNGU/WICARA,939,JIWA,2013
40,32,JAWA BARAT,3207,KABUPATEN CIAMIS,CACAT MENTAL/JIWA,917,JIWA,2013
41,32,JAWA BARAT,3207,KABUPATEN CIAMIS,CACAT FISIK DAN MENTAL,272,JIWA,2013
42,32,JAWA BARAT,3207,KABUPATEN CIAMIS,CACAT LAINNYA,418,JIWA,2013
43,32,JAWA BARAT,3208,KABUPATEN KUNINGAN,CACAT FISIK,168,JIWA,2013
44,32,JAWA BARAT,3208,KABUPATEN KUNINGAN,CACAT NETRA/BUTA,99,JIWA,2013
45,32,JAWA BARAT,3208,KABUPATEN KUNINGAN,CACAT RUNGU/WICARA,117,JIWA,2013
46,32,JAWA BARAT,3208,KABUPATEN KUNINGAN,CACAT MENTAL/JIWA,158,JIWA,2013
47,32,JAWA BARAT,3208,KABUPATEN KUNINGAN,CACAT FISIK DAN MENTAL,53,JIWA,2013
48,32,JAWA BARAT,3208,KABUPATEN KUNINGAN,CACAT LAINNYA,44,JIWA,2013
49,32,JAWA BARAT,3209,KABUPATEN CIREBON,CACAT FISIK,119,JIWA,2013
50,32,JAWA BARAT,3209,KABUPATEN CIREBON,CACAT NETRA/BUTA,22,JIWA,2013
51,32,JAWA BARAT,3209,KABUPATEN CIREBON,CACAT RUNGU/WICARA,62,JIWA,2013
52,32,JAWA BARAT,3209,KABUPATEN CIREBON,CACAT MENTAL/JIWA,49,JIWA,2013
53,32,JAWA BARAT,3209,KABUPATEN CIREBON,CACAT FISIK DAN MENTAL,30,JIWA,2013
54,32,JAWA BARAT,3209,KABUPATEN CIREBON,CACAT LAINNYA,17,JIWA,2013
55,32,JAWA BARAT,3210,KABUPATEN MAJALENGKA,CACAT FISIK,379,JIWA,2013
56,32,JAWA BARAT,3210,KABUPATEN MAJALENGKA,CACAT NETRA/BUTA,124,JIWA,2013
57,32,JAWA BARAT,3210,KABUPATEN MAJALENGKA,CACAT RUNGU/WICARA,170,JIWA,2013
58,32,JAWA BARAT,3210,KABUPATEN MAJALENGKA,CACAT MENTAL/JIWA,161,JIWA,2013
59,32,JAWA BARAT,3210,KABUPATEN MAJALENGKA,CACAT FISIK DAN MENTAL,49,JIWA,2013
60,32,JAWA BARAT,3210,KABUPATEN MAJALENGKA,CACAT LAINNYA,81,JIWA,2013
61,32,JAWA BARAT,3211,KABUPATEN SUMEDANG,CACAT FISIK,250,JIWA,2013
62,32,JAWA BARAT,3211,KABUPATEN SUMEDANG,CACAT NETRA/BUTA,133,JIWA,2013
63,32,JAWA BARAT,3211,KABUPATEN SUMEDANG,CACAT RUNGU/WICARA,177,JIWA,2013
64,32,JAWA BARAT,3211,KABUPATEN SUMEDANG,CACAT MENTAL/JIWA,220,JIWA,2013
65,32,JAWA BARAT,3211,KABUPATEN SUMEDANG,CACAT FISIK DAN MENTAL,30,JIWA,2013
66,32,JAWA BARAT,3211,KABUPATEN SUMEDANG,CACAT LAINNYA,83,JIWA,2013
67,32,JAWA BARAT,3212,KABUPATEN INDRAMAYU,CACAT FISIK,541,JIWA,2013
68,32,JAWA BARAT,3212,KABUPATEN INDRAMAYU,CACAT NETRA/BUTA,234,JIWA,2013
69,32,JAWA BARAT,3212,KABUPATEN INDRAMAYU,CACAT RUNGU/WICARA,241,JIWA,2013
70,32,JAWA BARAT,3212,KABUPATEN INDRAMAYU,CACAT MENTAL/JIWA,301,JIWA,2013
71,32,JAWA BARAT,3212,KABUPATEN INDRAMAYU,CACAT FISIK DAN MENTAL,95,JIWA,2013
72,32,JAWA BARAT,3212,KABUPATEN INDRAMAYU,CACAT LAINNYA,90,JIWA,2013
73,32,JAWA BARAT,3213,KABUPATEN SUBANG,CACAT FISIK,195,JIWA,2013
74,32,JAWA BARAT,3213,KABUPATEN SUBANG,CACAT NETRA/BUTA,58,JIWA,2013
75,32,JAWA BARAT,3213,KABUPATEN SUBANG,CACAT RUNGU/WICARA,65,JIWA,2013
76,32,JAWA BARAT,3213,KABUPATEN SUBANG,CACAT MENTAL/JIWA,54,JIWA,2013
77,32,JAWA BARAT,3213,KABUPATEN SUBANG,CACAT FISIK DAN MENTAL,27,JIWA,2013
78,32,JAWA BARAT,3213,KABUPATEN SUBANG,CACAT LAINNYA,35,JIWA,2013
79,32,JAWA BARAT,3214,KABUPATEN PURWAKARTA,CACAT FISIK,109,JIWA,2013
80,32,JAWA BARAT,3214,KABUPATEN PURWAKARTA,CACAT NETRA/BUTA,65,JIWA,2013
81,32,JAWA BARAT,3214,KABUPATEN PURWAKARTA,CACAT RUNGU/WICARA,70,JIWA,2013
82,32,JAWA BARAT,3214,KABUPATEN PURWAKARTA,CACAT MENTAL/JIWA,76,JIWA,2013
83,32,JAWA BARAT,3214,KABUPATEN PURWAKARTA,CACAT FISIK DAN MENTAL,22,JIWA,2013
84,32,JAWA BARAT,3214,KABUPATEN PURWAKARTA,CACAT LAINNYA,47,JIWA,2013
85,32,JAWA BARAT,3215,KABUPATEN KARAWANG,CACAT FISIK,355,JIWA,2013
86,32,JAWA BARAT,3215,KABUPATEN KARAWANG,CACAT NETRA/BUTA,175,JIWA,2013
87,32,JAWA BARAT,3215,KABUPATEN KARAWANG,CACAT RUNGU/WICARA,184,JIWA,2013
88,32,JAWA BARAT,3215,KABUPATEN KARAWANG,CACAT MENTAL/JIWA,142,JIWA,2013
89,32,JAWA BARAT,3215,KABUPATEN KARAWANG,CACAT FISIK DAN MENTAL,87,JIWA,2013
90,32,JAWA BARAT,3215,KABUPATEN KARAWANG,CACAT LAINNYA,80,JIWA,2013
91,32,JAWA BARAT,3216,KABUPATEN BEKASI,CACAT FISIK,371,JIWA,2013
92,32,JAWA BARAT,3216,KABUPATEN BEKASI,CACAT NETRA/BUTA,314,JIWA,2013
93,32,JAWA BARAT,3216,KABUPATEN BEKASI,CACAT RUNGU/WICARA,290,JIWA,2013
94,32,JAWA BARAT,3216,KABUPATEN BEKASI,CACAT MENTAL/JIWA,271,JIWA,2013
95,32,JAWA BARAT,3216,KABUPATEN BEKASI,CACAT FISIK DAN MENTAL,186,JIWA,2013
96,32,JAWA BARAT,3216,KABUPATEN BEKASI,CACAT LAINNYA,238,JIWA,2013
97,32,JAWA BARAT,3217,KABUPATEN BANDUNG BARAT,CACAT FISIK,75,JIWA,2013
98,32,JAWA BARAT,3217,KABUPATEN BANDUNG BARAT,CACAT NETRA/BUTA,43,JIWA,2013
99,32,JAWA BARAT,3217,KABUPATEN BANDUNG BARAT,CACAT RUNGU/WICARA,52,JIWA,2013
100,32,JAWA BARAT,3217,KABUPATEN BANDUNG BARAT,CACAT MENTAL/JIWA,43,JIWA,2013
101,32,JAWA BARAT,3217,KABUPATEN BANDUNG BARAT,CACAT FISIK DAN MENTAL,10,JIWA,2013
102,32,JAWA BARAT,3217,KABUPATEN BANDUNG BARAT,CACAT LAINNYA,22,JIWA,2013
103,32,JAWA BARAT,3218,KABUPATEN PANGANDARAN,CACAT FISIK,0,JIWA,2013
104,32,JAWA BARAT,3218,KABUPATEN PANGANDARAN,CACAT NETRA/BUTA,0,JIWA,2013
105,32,JAWA BARAT,3218,KABUPATEN PANGANDARAN,CACAT RUNGU/WICARA,0,JIWA,2013
106,32,JAWA BARAT,3218,KABUPATEN PANGANDARAN,CACAT MENTAL/JIWA,0,JIWA,2013
107,32,JAWA BARAT,3218,KABUPATEN PANGANDARAN,CACAT FISIK DAN MENTAL,0,JIWA,2013
108,32,JAWA BARAT,3218,KABUPATEN PANGANDARAN,CACAT LAINNYA,0,JIWA,2013
109,32,JAWA BARAT,3271,KOTA BOGOR,CACAT FISIK,4,JIWA,2013
110,32,JAWA BARAT,3271,KOTA BOGOR,CACAT NETRA/BUTA,32,JIWA,2013
111,32,JAWA BARAT,3271,KOTA BOGOR,CACAT RUNGU/WICARA,50,JIWA,2013
112,32,JAWA BARAT,3271,KOTA BOGOR,CACAT MENTAL/JIWA,6,JIWA,2013
113,32,JAWA BARAT,3271,KOTA BOGOR,CACAT FISIK DAN MENTAL,2,JIWA,2013
114,32,JAWA BARAT,3271,KOTA BOGOR,CACAT LAINNYA,67,JIWA,2013
115,32,JAWA BARAT,3272,KOTA SUKABUMI,CACAT FISIK,64,JIWA,2013
116,32,JAWA BARAT,3272,KOTA SUKABUMI,CACAT NETRA/BUTA,27,JIWA,2013
117,32,JAWA BARAT,3272,KOTA SUKABUMI,CACAT RUNGU/WICARA,36,JIWA,2013
118,32,JAWA BARAT,3272,KOTA SUKABUMI,CACAT MENTAL/JIWA,33,JIWA,2013
119,32,JAWA BARAT,3272,KOTA SUKABUMI,CACAT FISIK DAN MENTAL,13,JIWA,2013
120,32,JAWA BARAT,3272,KOTA SUKABUMI,CACAT LAINNYA,20,JIWA,2013
121,32,JAWA BARAT,3273,KOTA BANDUNG,CACAT FISIK,458,JIWA,2013
122,32,JAWA BARAT,3273,KOTA BANDUNG,CACAT NETRA/BUTA,250,JIWA,2013
123,32,JAWA BARAT,3273,KOTA BANDUNG,CACAT RUNGU/WICARA,304,JIWA,2013
124,32,JAWA BARAT,3273,KOTA BANDUNG,CACAT MENTAL/JIWA,330,JIWA,2013
125,32,JAWA BARAT,3273,KOTA BANDUNG,CACAT FISIK DAN MENTAL,126,JIWA,2013
126,32,JAWA BARAT,3273,KOTA BANDUNG,CACAT LAINNYA,366,JIWA,2013
127,32,JAWA BARAT,3274,KOTA CIREBON,CACAT FISIK,162,JIWA,2013
128,32,JAWA BARAT,3274,KOTA CIREBON,CACAT NETRA/BUTA,67,JIWA,2013
129,32,JAWA BARAT,3274,KOTA CIREBON,CACAT RUNGU/WICARA,126,JIWA,2013
130,32,JAWA BARAT,3274,KOTA CIREBON,CACAT MENTAL/JIWA,135,JIWA,2013
131,32,JAWA BARAT,3274,KOTA CIREBON,CACAT FISIK DAN MENTAL,64,JIWA,2013
132,32,JAWA BARAT,3274,KOTA CIREBON,CACAT LAINNYA,48,JIWA,2013
133,32,JAWA BARAT,3275,KOTA BEKASI,CACAT FISIK,189,JIWA,2013
134,32,JAWA BARAT,3275,KOTA BEKASI,CACAT NETRA/BUTA,210,JIWA,2013
135,32,JAWA BARAT,3275,KOTA BEKASI,CACAT RUNGU/WICARA,295,JIWA,2013
136,32,JAWA BARAT,3275,KOTA BEKASI,CACAT MENTAL/JIWA,293,JIWA,2013
137,32,JAWA BARAT,3275,KOTA BEKASI,CACAT FISIK DAN MENTAL,112,JIWA,2013
138,32,JAWA BARAT,3275,KOTA BEKASI,CACAT LAINNYA,16802,JIWA,2013
139,32,JAWA BARAT,3276,KOTA DEPOK,CACAT FISIK,301,JIWA,2013
140,32,JAWA BARAT,3276,KOTA DEPOK,CACAT NETRA/BUTA,98,JIWA,2013
141,32,JAWA BARAT,3276,KOTA DEPOK,CACAT RUNGU/WICARA,216,JIWA,2013
142,32,JAWA BARAT,3276,KOTA DEPOK,CACAT MENTAL/JIWA,220,JIWA,2013
143,32,JAWA BARAT,3276,KOTA DEPOK,CACAT FISIK DAN MENTAL,110,JIWA,2013
144,32,JAWA BARAT,3276,KOTA DEPOK,CACAT LAINNYA,144,JIWA,2013
145,32,JAWA BARAT,3277,KOTA CIMAHI,CACAT FISIK,190,JIWA,2013
146,32,JAWA BARAT,3277,KOTA CIMAHI,CACAT NETRA/BUTA,78,JIWA,2013
147,32,JAWA BARAT,3277,KOTA CIMAHI,CACAT RUNGU/WICARA,103,JIWA,2013
148,32,JAWA BARAT,3277,KOTA CIMAHI,CACAT MENTAL/JIWA,120,JIWA,2013
149,32,JAWA BARAT,3277,KOTA CIMAHI,CACAT FISIK DAN MENTAL,32,JIWA,2013
150,32,JAWA BARAT,3277,KOTA CIMAHI,CACAT LAINNYA,77,JIWA,2013
151,32,JAWA BARAT,3278,KOTA TASIKMALAYA,CACAT FISIK,166,JIWA,2013
152,32,JAWA BARAT,3278,KOTA TASIKMALAYA,CACAT NETRA/BUTA,53,JIWA,2013
153,32,JAWA BARAT,3278,KOTA TASIKMALAYA,CACAT RUNGU/WICARA,70,JIWA,2013
154,32,JAWA BARAT,3278,KOTA TASIKMALAYA,CACAT MENTAL/JIWA,66,JIWA,2013
155,32,JAWA BARAT,3278,KOTA TASIKMALAYA,CACAT FISIK DAN MENTAL,30,JIWA,2013
156,32,JAWA BARAT,3278,KOTA TASIKMALAYA,CACAT LAINNYA,68,JIWA,2013
157,32,JAWA BARAT,3279,KOTA BANJAR,CACAT FISIK,157,JIWA,2013
158,32,JAWA BARAT,3279,KOTA BANJAR,CACAT NETRA/BUTA,66,JIWA,2013
159,32,JAWA BARAT,3279,KOTA BANJAR,CACAT RUNGU/WICARA,59,JIWA,2013
160,32,JAWA BARAT,3279,KOTA BANJAR,CACAT MENTAL/JIWA,75,JIWA,2013
161,32,JAWA BARAT,3279,KOTA BANJAR,CACAT FISIK DAN MENTAL,13,JIWA,2013
162,32,JAWA BARAT,3279,KOTA BANJAR,CACAT LAINNYA,16,JIWA,2013
163,32,JAWA BARAT,3201,KABUPATEN BOGOR,CACAT FISIK,492,JIWA,2014
164,32,JAWA BARAT,3201,KABUPATEN BOGOR,CACAT NETRA/BUTA,159,JIWA,2014
165,32,JAWA BARAT,3201,KABUPATEN BOGOR,CACAT RUNGU/WICARA,167,JIWA,2014
166,32,JAWA BARAT,3201,KABUPATEN BOGOR,CACAT MENTAL/JIWA,122,JIWA,2014
167,32,JAWA BARAT,3201,KABUPATEN BOGOR,CACAT FISIK DAN MENTAL,57,JIWA,2014
168,32,JAWA BARAT,3201,KABUPATEN BOGOR,CACAT LAINNYA,72,JIWA,2014
169,32,JAWA BARAT,3202,KABUPATEN SUKABUMI,CACAT FISIK,271,JIWA,2014
170,32,JAWA BARAT,3202,KABUPATEN SUKABUMI,CACAT NETRA/BUTA,160,JIWA,2014
171,32,JAWA BARAT,3202,KABUPATEN SUKABUMI,CACAT RUNGU/WICARA,147,JIWA,2014
172,32,JAWA BARAT,3202,KABUPATEN SUKABUMI,CACAT MENTAL/JIWA,104,JIWA,2014
173,32,JAWA BARAT,3202,KABUPATEN SUKABUMI,CACAT FISIK DAN MENTAL,29,JIWA,2014
174,32,JAWA BARAT,3202,KABUPATEN SUKABUMI,CACAT LAINNYA,129,JIWA,2014
175,32,JAWA BARAT,3203,KABUPATEN CIANJUR,CACAT FISIK,358,JIWA,2014
176,32,JAWA BARAT,3203,KABUPATEN CIANJUR,CACAT NETRA/BUTA,138,JIWA,2014
177,32,JAWA BARAT,3203,KABUPATEN CIANJUR,CACAT RUNGU/WICARA,134,JIWA,2014
178,32,JAWA BARAT,3203,KABUPATEN CIANJUR,CACAT MENTAL/JIWA,109,JIWA,2014
179,32,JAWA BARAT,3203,KABUPATEN CIANJUR,CACAT FISIK DAN MENTAL,37,JIWA,2014
180,32,JAWA BARAT,3203,KABUPATEN CIANJUR,CACAT LAINNYA,118,JIWA,2014
181,32,JAWA BARAT,3204,KABUPATEN BANDUNG,CACAT FISIK,956,JIWA,2014
182,32,JAWA BARAT,3204,KABUPATEN BANDUNG,CACAT NETRA/BUTA,282,JIWA,2014
183,32,JAWA BARAT,3204,KABUPATEN BANDUNG,CACAT RUNGU/WICARA,230,JIWA,2014
184,32,JAWA BARAT,3204,KABUPATEN BANDUNG,CACAT MENTAL/JIWA,212,JIWA,2014
185,32,JAWA BARAT,3204,KABUPATEN BANDUNG,CACAT FISIK DAN MENTAL,78,JIWA,2014
186,32,JAWA BARAT,3204,KABUPATEN BANDUNG,CACAT LAINNYA,543,JIWA,2014
187,32,JAWA BARAT,3205,KABUPATEN GARUT,CACAT FISIK,154,JIWA,2014
188,32,JAWA BARAT,3205,KABUPATEN GARUT,CACAT NETRA/BUTA,22,JIWA,2014
189,32,JAWA BARAT,3205,KABUPATEN GARUT,CACAT RUNGU/WICARA,38,JIWA,2014
190,32,JAWA BARAT,3205,KABUPATEN GARUT,CACAT MENTAL/JIWA,33,JIWA,2014
191,32,JAWA BARAT,3205,KABUPATEN GARUT,CACAT FISIK DAN MENTAL,23,JIWA,2014
192,32,JAWA BARAT,3205,KABUPATEN GARUT,CACAT LAINNYA,13,JIWA,2014
193,32,JAWA BARAT,3206,KABUPATEN TASIKMALAYA,CACAT FISIK,316,JIWA,2014
194,32,JAWA BARAT,3206,KABUPATEN TASIKMALAYA,CACAT NETRA/BUTA,145,JIWA,2014
195,32,JAWA BARAT,3206,KABUPATEN TASIKMALAYA,CACAT RUNGU/WICARA,182,JIWA,2014
196,32,JAWA BARAT,3206,KABUPATEN TASIKMALAYA,CACAT MENTAL/JIWA,205,JIWA,2014
197,32,JAWA BARAT,3206,KABUPATEN TASIKMALAYA,CACAT FISIK DAN MENTAL,44,JIWA,2014
198,32,JAWA BARAT,3206,KABUPATEN TASIKMALAYA,CACAT LAINNYA,61,JIWA,2014
199,32,JAWA BARAT,3207,KABUPATEN CIAMIS,CACAT FISIK,9138,JIWA,2014
200,32,JAWA BARAT,3207,KABUPATEN CIAMIS,CACAT NETRA/BUTA,1459,JIWA,2014
201,32,JAWA BARAT,3207,KABUPATEN CIAMIS,CACAT RUNGU/WICARA,754,JIWA,2014
202,32,JAWA BARAT,3207,KABUPATEN CIAMIS,CACAT MENTAL/JIWA,875,JIWA,2014
203,32,JAWA BARAT,3207,KABUPATEN CIAMIS,CACAT FISIK DAN MENTAL,274,JIWA,2014
204,32,JAWA BARAT,3207,KABUPATEN CIAMIS,CACAT LAINNYA,369,JIWA,2014
205,32,JAWA BARAT,3208,KABUPATEN KUNINGAN,CACAT FISIK,171,JIWA,2014
206,32,JAWA BARAT,3208,KABUPATEN KUNINGAN,CACAT NETRA/BUTA,93,JIWA,2014
207,32,JAWA BARAT,3208,KABUPATEN KUNINGAN,CACAT RUNGU/WICARA,125,JIWA,2014
208,32,JAWA BARAT,3208,KABUPATEN KUNINGAN,CACAT MENTAL/JIWA,145,JIWA,2014
209,32,JAWA BARAT,3208,KABUPATEN KUNINGAN,CACAT FISIK DAN MENTAL,51,JIWA,2014
210,32,JAWA BARAT,3208,KABUPATEN KUNINGAN,CACAT LAINNYA,45,JIWA,2014
211,32,JAWA BARAT,3209,KABUPATEN CIREBON,CACAT FISIK,42,JIWA,2014
212,32,JAWA BARAT,3209,KABUPATEN CIREBON,CACAT NETRA/BUTA,18,JIWA,2014
213,32,JAWA BARAT,3209,KABUPATEN CIREBON,CACAT RUNGU/WICARA,20,JIWA,2014
214,32,JAWA BARAT,3209,KABUPATEN CIREBON,CACAT MENTAL/JIWA,19,JIWA,2014
215,32,JAWA BARAT,3209,KABUPATEN CIREBON,CACAT FISIK DAN MENTAL,6,JIWA,2014
216,32,JAWA BARAT,3209,KABUPATEN CIREBON,CACAT LAINNYA,19,JIWA,2014
217,32,JAWA BARAT,3210,KABUPATEN MAJALENGKA,CACAT FISIK,268,JIWA,2014
218,32,JAWA BARAT,3210,KABUPATEN MAJALENGKA,CACAT NETRA/BUTA,102,JIWA,2014
219,32,JAWA BARAT,3210,KABUPATEN MAJALENGKA,CACAT RUNGU/WICARA,154,JIWA,2014
220,32,JAWA BARAT,3210,KABUPATEN MAJALENGKA,CACAT MENTAL/JIWA,126,JIWA,2014
221,32,JAWA BARAT,3210,KABUPATEN MAJALENGKA,CACAT FISIK DAN MENTAL,53,JIWA,2014
222,32,JAWA BARAT,3210,KABUPATEN MAJALENGKA,CACAT LAINNYA,68,JIWA,2014
223,32,JAWA BARAT,3211,KABUPATEN SUMEDANG,CACAT FISIK,206,JIWA,2014
224,32,JAWA BARAT,3211,KABUPATEN SUMEDANG,CACAT NETRA/BUTA,89,JIWA,2014
225,32,JAWA BARAT,3211,KABUPATEN SUMEDANG,CACAT RUNGU/WICARA,160,JIWA,2014
226,32,JAWA BARAT,3211,KABUPATEN SUMEDANG,CACAT MENTAL/JIWA,167,JIWA,2014
227,32,JAWA BARAT,3211,KABUPATEN SUMEDANG,CACAT FISIK DAN MENTAL,27,JIWA,2014
228,32,JAWA BARAT,3211,KABUPATEN SUMEDANG,CACAT LAINNYA,72,JIWA,2014
229,32,JAWA BARAT,3212,KABUPATEN INDRAMAYU,CACAT FISIK,166,JIWA,2014
230,32,JAWA BARAT,3212,KABUPATEN INDRAMAYU,CACAT NETRA/BUTA,72,JIWA,2014
231,32,JAWA BARAT,3212,KABUPATEN INDRAMAYU,CACAT RUNGU/WICARA,82,JIWA,2014
232,32,JAWA BARAT,3212,KABUPATEN INDRAMAYU,CACAT MENTAL/JIWA,130,JIWA,2014
233,32,JAWA BARAT,3212,KABUPATEN INDRAMAYU,CACAT FISIK DAN MENTAL,41,JIWA,2014
234,32,JAWA BARAT,3212,KABUPATEN INDRAMAYU,CACAT LAINNYA,52,JIWA,2014
235,32,JAWA BARAT,3213,KABUPATEN SUBANG,CACAT FISIK,65,JIWA,2014
236,32,JAWA BARAT,3213,KABUPATEN SUBANG,CACAT NETRA/BUTA,51,JIWA,2014
237,32,JAWA BARAT,3213,KABUPATEN SUBANG,CACAT RUNGU/WICARA,58,JIWA,2014
238,32,JAWA BARAT,3213,KABUPATEN SUBANG,CACAT MENTAL/JIWA,48,JIWA,2014
239,32,JAWA BARAT,3213,KABUPATEN SUBANG,CACAT FISIK DAN MENTAL,27,JIWA,2014
240,32,JAWA BARAT,3213,KABUPATEN SUBANG,CACAT LAINNYA,36,JIWA,2014
241,32,JAWA BARAT,3214,KABUPATEN PURWAKARTA,CACAT FISIK,89,JIWA,2014
242,32,JAWA BARAT,3214,KABUPATEN PURWAKARTA,CACAT NETRA/BUTA,53,JIWA,2014
243,32,JAWA BARAT,3214,KABUPATEN PURWAKARTA,CACAT RUNGU/WICARA,66,JIWA,2014
244,32,JAWA BARAT,3214,KABUPATEN PURWAKARTA,CACAT MENTAL/JIWA,56,JIWA,2014
245,32,JAWA BARAT,3214,KABUPATEN PURWAKARTA,CACAT FISIK DAN MENTAL,16,JIWA,2014
246,32,JAWA BARAT,3214,KABUPATEN PURWAKARTA,CACAT LAINNYA,44,JIWA,2014
247,32,JAWA BARAT,3215,KABUPATEN KARAWANG,CACAT FISIK,193,JIWA,2014
248,32,JAWA BARAT,3215,KABUPATEN KARAWANG,CACAT NETRA/BUTA,121,JIWA,2014
249,32,JAWA BARAT,3215,KABUPATEN KARAWANG,CACAT RUNGU/WICARA,123,JIWA,2014
250,32,JAWA BARAT,3215,KABUPATEN KARAWANG,CACAT MENTAL/JIWA,62,JIWA,2014
251,32,JAWA BARAT,3215,KABUPATEN KARAWANG,CACAT FISIK DAN MENTAL,38,JIWA,2014
252,32,JAWA BARAT,3215,KABUPATEN KARAWANG,CACAT LAINNYA,49,JIWA,2014
253,32,JAWA BARAT,3216,KABUPATEN BEKASI,CACAT FISIK,282,JIWA,2014
254,32,JAWA BARAT,3216,KABUPATEN BEKASI,CACAT NETRA/BUTA,251,JIWA,2014
255,32,JAWA BARAT,3216,KABUPATEN BEKASI,CACAT RUNGU/WICARA,244,JIWA,2014
256,32,JAWA BARAT,3216,KABUPATEN BEKASI,CACAT MENTAL/JIWA,225,JIWA,2014
257,32,JAWA BARAT,3216,KABUPATEN BEKASI,CACAT FISIK DAN MENTAL,158,JIWA,2014
258,32,JAWA BARAT,3216,KABUPATEN BEKASI,CACAT LAINNYA,164,JIWA,2014
259,32,JAWA BARAT,3217,KABUPATEN BANDUNG BARAT,CACAT FISIK,78,JIWA,2014
260,32,JAWA BARAT,3217,KABUPATEN BANDUNG BARAT,CACAT NETRA/BUTA,41,JIWA,2014
261,32,JAWA BARAT,3217,KABUPATEN BANDUNG BARAT,CACAT RUNGU/WICARA,48,JIWA,2014
262,32,JAWA BARAT,3217,KABUPATEN BANDUNG BARAT,CACAT MENTAL/JIWA,45,JIWA,2014
263,32,JAWA BARAT,3217,KABUPATEN BANDUNG BARAT,CACAT FISIK DAN MENTAL,11,JIWA,2014
264,32,JAWA BARAT,3217,KABUPATEN BANDUNG BARAT,CACAT LAINNYA,25,JIWA,2014
265,32,JAWA BARAT,3218,KABUPATEN PANGANDARAN,CACAT FISIK,3408,JIWA,2014
266,32,JAWA BARAT,3218,KABUPATEN PANGANDARAN,CACAT NETRA/BUTA,336,JIWA,2014
267,32,JAWA BARAT,3218,KABUPATEN PANGANDARAN,CACAT RUNGU/WICARA,235,JIWA,2014
268,32,JAWA BARAT,3218,KABUPATEN PANGANDARAN,CACAT MENTAL/JIWA,226,JIWA,2014
269,32,JAWA BARAT,3218,KABUPATEN PANGANDARAN,CACAT FISIK DAN MENTAL,69,JIWA,2014
270,32,JAWA BARAT,3218,KABUPATEN PANGANDARAN,CACAT LAINNYA,91,JIWA,2014
271,32,JAWA BARAT,3271,KOTA BOGOR,CACAT FISIK,9,JIWA,2014
272,32,JAWA BARAT,3271,KOTA BOGOR,CACAT NETRA/BUTA,32,JIWA,2014
273,32,JAWA BARAT,3271,KOTA BOGOR,CACAT RUNGU/WICARA,46,JIWA,2014
274,32,JAWA BARAT,3271,KOTA BOGOR,CACAT MENTAL/JIWA,12,JIWA,2014
275,32,JAWA BARAT,3271,KOTA BOGOR,CACAT FISIK DAN MENTAL,3,JIWA,2014
276,32,JAWA BARAT,3271,KOTA BOGOR,CACAT LAINNYA,68,JIWA,2014
277,32,JAWA BARAT,3272,KOTA SUKABUMI,CACAT FISIK,59,JIWA,2014
278,32,JAWA BARAT,3272,KOTA SUKABUMI,CACAT NETRA/BUTA,27,JIWA,2014
279,32,JAWA BARAT,3272,KOTA SUKABUMI,CACAT RUNGU/WICARA,35,JIWA,2014
280,32,JAWA BARAT,3272,KOTA SUKABUMI,CACAT MENTAL/JIWA,30,JIWA,2014
281,32,JAWA BARAT,3272,KOTA SUKABUMI,CACAT FISIK DAN MENTAL,12,JIWA,2014
282,32,JAWA BARAT,3272,KOTA SUKABUMI,CACAT LAINNYA,21,JIWA,2014
283,32,JAWA BARAT,3273,KOTA BANDUNG,CACAT FISIK,447,JIWA,2014
284,32,JAWA BARAT,3273,KOTA BANDUNG,CACAT NETRA/BUTA,247,JIWA,2014
285,32,JAWA BARAT,3273,KOTA BANDUNG,CACAT RUNGU/WICARA,306,JIWA,2014
286,32,JAWA BARAT,3273,KOTA BANDUNG,CACAT MENTAL/JIWA,333,JIWA,2014
287,32,JAWA BARAT,3273,KOTA BANDUNG,CACAT FISIK DAN MENTAL,133,JIWA,2014
288,32,JAWA BARAT,3273,KOTA BANDUNG,CACAT LAINNYA,343,JIWA,2014
289,32,JAWA BARAT,3274,KOTA CIREBON,CACAT FISIK,125,JIWA,2014
290,32,JAWA BARAT,3274,KOTA CIREBON,CACAT NETRA/BUTA,60,JIWA,2014
291,32,JAWA BARAT,3274,KOTA CIREBON,CACAT RUNGU/WICARA,111,JIWA,2014
292,32,JAWA BARAT,3274,KOTA CIREBON,CACAT MENTAL/JIWA,88,JIWA,2014
293,32,JAWA BARAT,3274,KOTA CIREBON,CACAT FISIK DAN MENTAL,38,JIWA,2014
294,32,JAWA BARAT,3274,KOTA CIREBON,CACAT LAINNYA,38,JIWA,2014
295,32,JAWA BARAT,3275,KOTA BEKASI,CACAT FISIK,144,JIWA,2014
296,32,JAWA BARAT,3275,KOTA BEKASI,CACAT NETRA/BUTA,182,JIWA,2014
297,32,JAWA BARAT,3275,KOTA BEKASI,CACAT RUNGU/WICARA,242,JIWA,2014
298,32,JAWA BARAT,3275,KOTA BEKASI,CACAT MENTAL/JIWA,258,JIWA,2014
299,32,JAWA BARAT,3275,KOTA BEKASI,CACAT FISIK DAN MENTAL,106,JIWA,2014
300,32,JAWA BARAT,3275,KOTA BEKASI,CACAT LAINNYA,12392,JIWA,2014
301,32,JAWA BARAT,3276,KOTA DEPOK,CACAT FISIK,269,JIWA,2014
302,32,JAWA BARAT,3276,KOTA DEPOK,CACAT NETRA/BUTA,94,JIWA,2014
303,32,JAWA BARAT,3276,KOTA DEPOK,CACAT RUNGU/WICARA,208,JIWA,2014
304,32,JAWA BARAT,3276,KOTA DEPOK,CACAT MENTAL/JIWA,225,JIWA,2014
305,32,JAWA BARAT,3276,KOTA DEPOK,CACAT FISIK DAN MENTAL,95,JIWA,2014
306,32,JAWA BARAT,3276,KOTA DEPOK,CACAT LAINNYA,138,JIWA,2014
307,32,JAWA BARAT,3277,KOTA CIMAHI,CACAT FISIK,406,JIWA,2014
308,32,JAWA BARAT,3277,KOTA CIMAHI,CACAT NETRA/BUTA,127,JIWA,2014
309,32,JAWA BARAT,3277,KOTA CIMAHI,CACAT RUNGU/WICARA,152,JIWA,2014
310,32,JAWA BARAT,3277,KOTA CIMAHI,CACAT MENTAL/JIWA,303,JIWA,2014
311,32,JAWA BARAT,3277,KOTA CIMAHI,CACAT FISIK DAN MENTAL,32,JIWA,2014
312,32,JAWA BARAT,3277,KOTA CIMAHI,CACAT LAINNYA,111,JIWA,2014
313,32,JAWA BARAT,3278,KOTA TASIKMALAYA,CACAT FISIK,138,JIWA,2014
314,32,JAWA BARAT,3278,KOTA TASIKMALAYA,CACAT NETRA/BUTA,58,JIWA,2014
315,32,JAWA BARAT,3278,KOTA TASIKMALAYA,CACAT RUNGU/WICARA,68,JIWA,2014
316,32,JAWA BARAT,3278,KOTA TASIKMALAYA,CACAT MENTAL/JIWA,70,JIWA,2014
317,32,JAWA BARAT,3278,KOTA TASIKMALAYA,CACAT FISIK DAN MENTAL,29,JIWA,2014
318,32,JAWA BARAT,3278,KOTA TASIKMALAYA,CACAT LAINNYA,67,JIWA,2014
319,32,JAWA BARAT,3279,KOTA BANJAR,CACAT FISIK,152,JIWA,2014
320,32,JAWA BARAT,3279,KOTA BANJAR,CACAT NETRA/BUTA,62,JIWA,2014
321,32,JAWA BARAT,3279,KOTA BANJAR,CACAT RUNGU/WICARA,59,JIWA,2014
322,32,JAWA BARAT,3279,KOTA BANJAR,CACAT MENTAL/JIWA,66,JIWA,2014
323,32,JAWA BARAT,3279,KOTA BANJAR,CACAT FISIK DAN MENTAL,9,JIWA,2014
324,32,JAWA BARAT,3279,KOTA BANJAR,CACAT LAINNYA,14,JIWA,2014
325,32,JAWA BARAT,3201,KABUPATEN BOGOR,CACAT FISIK,557,JIWA,2015
326,32,JAWA BARAT,3201,KABUPATEN BOGOR,CACAT NETRA/BUTA,158,JIWA,2015
327,32,JAWA BARAT,3201,KABUPATEN BOGOR,CACAT RUNGU/WICARA,182,JIWA,2015
328,32,JAWA BARAT,3201,KABUPATEN BOGOR,CACAT MENTAL/JIWA,123,JIWA,2015
329,32,JAWA BARAT,3201,KABUPATEN BOGOR,CACAT FISIK DAN MENTAL,63,JIWA,2015
330,32,JAWA BARAT,3201,KABUPATEN BOGOR,CACAT LAINNYA,113,JIWA,2015
331,32,JAWA BARAT,3202,KABUPATEN SUKABUMI,CACAT FISIK,227,JIWA,2015
332,32,JAWA BARAT,3202,KABUPATEN SUKABUMI,CACAT NETRA/BUTA,135,JIWA,2015
333,32,JAWA BARAT,3202,KABUPATEN SUKABUMI,CACAT RUNGU/WICARA,130,JIWA,2015
334,32,JAWA BARAT,3202,KABUPATEN SUKABUMI,CACAT MENTAL/JIWA,65,JIWA,2015
335,32,JAWA BARAT,3202,KABUPATEN SUKABUMI,CACAT FISIK DAN MENTAL,17,JIWA,2015
336,32,JAWA BARAT,3202,KABUPATEN SUKABUMI,CACAT LAINNYA,97,JIWA,2015
337,32,JAWA BARAT,3203,KABUPATEN CIANJUR,CACAT FISIK,386,JIWA,2015
338,32,JAWA BARAT,3203,KABUPATEN CIANJUR,CACAT NETRA/BUTA,158,JIWA,2015
339,32,JAWA BARAT,3203,KABUPATEN CIANJUR,CACAT RUNGU/WICARA,159,JIWA,2015
340,32,JAWA BARAT,3203,KABUPATEN CIANJUR,CACAT MENTAL/JIWA,135,JIWA,2015
341,32,JAWA BARAT,3203,KABUPATEN CIANJUR,CACAT FISIK DAN MENTAL,38,JIWA,2015
342,32,JAWA BARAT,3203,KABUPATEN CIANJUR,CACAT LAINNYA,149,JIWA,2015
343,32,JAWA BARAT,3204,KABUPATEN BANDUNG,CACAT FISIK,760,JIWA,2015
344,32,JAWA BARAT,3204,KABUPATEN BANDUNG,CACAT NETRA/BUTA,196,JIWA,2015
345,32,JAWA BARAT,3204,KABUPATEN BANDUNG,CACAT RUNGU/WICARA,193,JIWA,2015
346,32,JAWA BARAT,3204,KABUPATEN BANDUNG,CACAT MENTAL/JIWA,136,JIWA,2015
347,32,JAWA BARAT,3204,KABUPATEN BANDUNG,CACAT FISIK DAN MENTAL,69,JIWA,2015
348,32,JAWA BARAT,3204,KABUPATEN BANDUNG,CACAT LAINNYA,517,JIWA,2015
349,32,JAWA BARAT,3205,KABUPATEN GARUT,CACAT FISIK,364,JIWA,2015
350,32,JAWA BARAT,3205,KABUPATEN GARUT,CACAT NETRA/BUTA,205,JIWA,2015
351,32,JAWA BARAT,3205,KABUPATEN GARUT,CACAT RUNGU/WICARA,229,JIWA,2015
352,32,JAWA BARAT,3205,KABUPATEN GARUT,CACAT MENTAL/JIWA,137,JIWA,2015
353,32,JAWA BARAT,3205,KABUPATEN GARUT,CACAT FISIK DAN MENTAL,85,JIWA,2015
354,32,JAWA BARAT,3205,KABUPATEN GARUT,CACAT LAINNYA,84,JIWA,2015
355,32,JAWA BARAT,3206,KABUPATEN TASIKMALAYA,CACAT FISIK,297,JIWA,2015
356,32,JAWA BARAT,3206,KABUPATEN TASIKMALAYA,CACAT NETRA/BUTA,125,JIWA,2015
357,32,JAWA BARAT,3206,KABUPATEN TASIKMALAYA,CACAT RUNGU/WICARA,186,JIWA,2015
358,32,JAWA BARAT,3206,KABUPATEN TASIKMALAYA,CACAT MENTAL/JIWA,189,JIWA,2015
359,32,JAWA BARAT,3206,KABUPATEN TASIKMALAYA,CACAT FISIK DAN MENTAL,50,JIWA,2015
360,32,JAWA BARAT,3206,KABUPATEN TASIKMALAYA,CACAT LAINNYA,65,JIWA,2015
361,32,JAWA BARAT,3207,KABUPATEN CIAMIS,CACAT FISIK,7822,JIWA,2015
362,32,JAWA BARAT,3207,KABUPATEN CIAMIS,CACAT NETRA/BUTA,1274,JIWA,2015
363,32,JAWA BARAT,3207,KABUPATEN CIAMIS,CACAT RUNGU/WICARA,690,JIWA,2015
364,32,JAWA BARAT,3207,KABUPATEN CIAMIS,CACAT MENTAL/JIWA,647,JIWA,2015
365,32,JAWA BARAT,3207,KABUPATEN CIAMIS,CACAT FISIK DAN MENTAL,186,JIWA,2015
366,32,JAWA BARAT,3207,KABUPATEN CIAMIS,CACAT LAINNYA,327,JIWA,2015
367,32,JAWA BARAT,3208,KABUPATEN KUNINGAN,CACAT FISIK,186,JIWA,2015
368,32,JAWA BARAT,3208,KABUPATEN KUNINGAN,CACAT NETRA/BUTA,101,JIWA,2015
369,32,JAWA BARAT,3208,KABUPATEN KUNINGAN,CACAT RUNGU/WICARA,139,JIWA,2015
370,32,JAWA BARAT,3208,KABUPATEN KUNINGAN,CACAT MENTAL/JIWA,181,JIWA,2015
371,32,JAWA BARAT,3208,KABUPATEN KUNINGAN,CACAT FISIK DAN MENTAL,54,JIWA,2015
372,32,JAWA BARAT,3208,KABUPATEN KUNINGAN,CACAT LAINNYA,51,JIWA,2015
373,32,JAWA BARAT,3209,KABUPATEN CIREBON,CACAT FISIK,106,JIWA,2015
374,32,JAWA BARAT,3209,KABUPATEN CIREBON,CACAT NETRA/BUTA,23,JIWA,2015
375,32,JAWA BARAT,3209,KABUPATEN CIREBON,CACAT RUNGU/WICARA,44,JIWA,2015
376,32,JAWA BARAT,3209,KABUPATEN CIREBON,CACAT MENTAL/JIWA,32,JIWA,2015
377,32,JAWA BARAT,3209,KABUPATEN CIREBON,CACAT FISIK DAN MENTAL,20,JIWA,2015
378,32,JAWA BARAT,3209,KABUPATEN CIREBON,CACAT LAINNYA,21,JIWA,2015
379,32,JAWA BARAT,3210,KABUPATEN MAJALENGKA,CACAT FISIK,305,JIWA,2015
380,32,JAWA BARAT,3210,KABUPATEN MAJALENGKA,CACAT NETRA/BUTA,95,JIWA,2015
381,32,JAWA BARAT,3210,KABUPATEN MAJALENGKA,CACAT RUNGU/WICARA,150,JIWA,2015
382,32,JAWA BARAT,3210,KABUPATEN MAJALENGKA,CACAT MENTAL/JIWA,110,JIWA,2015
383,32,JAWA BARAT,3210,KABUPATEN MAJALENGKA,CACAT FISIK DAN MENTAL,51,JIWA,2015
384,32,JAWA BARAT,3210,KABUPATEN MAJALENGKA,CACAT LAINNYA,60,JIWA,2015
385,32,JAWA BARAT,3211,KABUPATEN SUMEDANG,CACAT FISIK,216,JIWA,2015
386,32,JAWA BARAT,3211,KABUPATEN SUMEDANG,CACAT NETRA/BUTA,108,JIWA,2015
387,32,JAWA BARAT,3211,KABUPATEN SUMEDANG,CACAT RUNGU/WICARA,164,JIWA,2015
388,32,JAWA BARAT,3211,KABUPATEN SUMEDANG,CACAT MENTAL/JIWA,161,JIWA,2015
389,32,JAWA BARAT,3211,KABUPATEN SUMEDANG,CACAT FISIK DAN MENTAL,26,JIWA,2015
390,32,JAWA BARAT,3211,KABUPATEN SUMEDANG,CACAT LAINNYA,81,JIWA,2015
391,32,JAWA BARAT,3212,KABUPATEN INDRAMAYU,CACAT FISIK,480,JIWA,2015
392,32,JAWA BARAT,3212,KABUPATEN INDRAMAYU,CACAT NETRA/BUTA,197,JIWA,2015
393,32,JAWA BARAT,3212,KABUPATEN INDRAMAYU,CACAT RUNGU/WICARA,243,JIWA,2015
394,32,JAWA BARAT,3212,KABUPATEN INDRAMAYU,CACAT MENTAL/JIWA,227,JIWA,2015
395,32,JAWA BARAT,3212,KABUPATEN INDRAMAYU,CACAT FISIK DAN MENTAL,91,JIWA,2015
396,32,JAWA BARAT,3212,KABUPATEN INDRAMAYU,CACAT LAINNYA,85,JIWA,2015
397,32,JAWA BARAT,3213,KABUPATEN SUBANG,CACAT FISIK,65,JIWA,2015
398,32,JAWA BARAT,3213,KABUPATEN SUBANG,CACAT NETRA/BUTA,53,JIWA,2015
399,32,JAWA BARAT,3213,KABUPATEN SUBANG,CACAT RUNGU/WICARA,62,JIWA,2015
400,32,JAWA BARAT,3213,KABUPATEN SUBANG,CACAT MENTAL/JIWA,43,JIWA,2015
401,32,JAWA BARAT,3213,KABUPATEN SUBANG,CACAT FISIK DAN MENTAL,30,JIWA,2015
402,32,JAWA BARAT,3213,KABUPATEN SUBANG,CACAT LAINNYA,34,JIWA,2015
403,32,JAWA BARAT,3214,KABUPATEN PURWAKARTA,CACAT FISIK,105,JIWA,2015
404,32,JAWA BARAT,3214,KABUPATEN PURWAKARTA,CACAT NETRA/BUTA,50,JIWA,2015
405,32,JAWA BARAT,3214,KABUPATEN PURWAKARTA,CACAT RUNGU/WICARA,71,JIWA,2015
406,32,JAWA BARAT,3214,KABUPATEN PURWAKARTA,CACAT MENTAL/JIWA,95,JIWA,2015
407,32,JAWA BARAT,3214,KABUPATEN PURWAKARTA,CACAT FISIK DAN MENTAL,26,JIWA,2015
408,32,JAWA BARAT,3214,KABUPATEN PURWAKARTA,CACAT LAINNYA,47,JIWA,2015
409,32,JAWA BARAT,3215,KABUPATEN KARAWANG,CACAT FISIK,265,JIWA,2015
410,32,JAWA BARAT,3215,KABUPATEN KARAWANG,CACAT NETRA/BUTA,108,JIWA,2015
411,32,JAWA BARAT,3215,KABUPATEN KARAWANG,CACAT RUNGU/WICARA,128,JIWA,2015
412,32,JAWA BARAT,3215,KABUPATEN KARAWANG,CACAT MENTAL/JIWA,81,JIWA,2015
413,32,JAWA BARAT,3215,KABUPATEN KARAWANG,CACAT FISIK DAN MENTAL,31,JIWA,2015
414,32,JAWA BARAT,3215,KABUPATEN KARAWANG,CACAT LAINNYA,45,JIWA,2015
415,32,JAWA BARAT,3216,KABUPATEN BEKASI,CACAT FISIK,260,JIWA,2015
416,32,JAWA BARAT,3216,KABUPATEN BEKASI,CACAT NETRA/BUTA,183,JIWA,2015
417,32,JAWA BARAT,3216,KABUPATEN BEKASI,CACAT RUNGU/WICARA,161,JIWA,2015
418,32,JAWA BARAT,3216,KABUPATEN BEKASI,CACAT MENTAL/JIWA,126,JIWA,2015
419,32,JAWA BARAT,3216,KABUPATEN BEKASI,CACAT FISIK DAN MENTAL,86,JIWA,2015
420,32,JAWA BARAT,3216,KABUPATEN BEKASI,CACAT LAINNYA,169,JIWA,2015
421,32,JAWA BARAT,3217,KABUPATEN BANDUNG BARAT,CACAT FISIK,63,JIWA,2015
422,32,JAWA BARAT,3217,KABUPATEN BANDUNG BARAT,CACAT NETRA/BUTA,35,JIWA,2015
423,32,JAWA BARAT,3217,KABUPATEN BANDUNG BARAT,CACAT RUNGU/WICARA,47,JIWA,2015
424,32,JAWA BARAT,3217,KABUPATEN BANDUNG BARAT,CACAT MENTAL/JIWA,31,JIWA,2015
425,32,JAWA BARAT,3217,KABUPATEN BANDUNG BARAT,CACAT FISIK DAN MENTAL,10,JIWA,2015
426,32,JAWA BARAT,3217,KABUPATEN BANDUNG BARAT,CACAT LAINNYA,16,JIWA,2015
427,32,JAWA BARAT,3218,KABUPATEN PANGANDARAN,CACAT FISIK,3326,JIWA,2015
428,32,JAWA BARAT,3218,KABUPATEN PANGANDARAN,CACAT NETRA/BUTA,338,JIWA,2015
429,32,JAWA BARAT,3218,KABUPATEN PANGANDARAN,CACAT RUNGU/WICARA,222,JIWA,2015
430,32,JAWA BARAT,3218,KABUPATEN PANGANDARAN,CACAT MENTAL/JIWA,208,JIWA,2015
431,32,JAWA BARAT,3218,KABUPATEN PANGANDARAN,CACAT FISIK DAN MENTAL,68,JIWA,2015
432,32,JAWA BARAT,3218,KABUPATEN PANGANDARAN,CACAT LAINNYA,88,JIWA,2015
433,32,JAWA BARAT,3271,KOTA BOGOR,CACAT FISIK,14,JIWA,2015
434,32,JAWA BARAT,3271,KOTA BOGOR,CACAT NETRA/BUTA,29,JIWA,2015
435,32,JAWA BARAT,3271,KOTA BOGOR,CACAT RUNGU/WICARA,53,JIWA,2015
436,32,JAWA BARAT,3271,KOTA BOGOR,CACAT MENTAL/JIWA,15,JIWA,2015
437,32,JAWA BARAT,3271,KOTA BOGOR,CACAT FISIK DAN MENTAL,5,JIWA,2015
438,32,JAWA BARAT,3271,KOTA BOGOR,CACAT LAINNYA,58,JIWA,2015
439,32,JAWA BARAT,3272,KOTA SUKABUMI,CACAT FISIK,61,JIWA,2015
440,32,JAWA BARAT,3272,KOTA SUKABUMI,CACAT NETRA/BUTA,25,JIWA,2015
441,32,JAWA BARAT,3272,KOTA SUKABUMI,CACAT RUNGU/WICARA,39,JIWA,2015
442,32,JAWA BARAT,3272,KOTA SUKABUMI,CACAT MENTAL/JIWA,30,JIWA,2015
443,32,JAWA BARAT,3272,KOTA SUKABUMI,CACAT FISIK DAN MENTAL,14,JIWA,2015
444,32,JAWA BARAT,3272,KOTA SUKABUMI,CACAT LAINNYA,21,JIWA,2015
445,32,JAWA BARAT,3273,KOTA BANDUNG,CACAT FISIK,377,JIWA,2015
446,32,JAWA BARAT,3273,KOTA BANDUNG,CACAT NETRA/BUTA,223,JIWA,2015
447,32,JAWA BARAT,3273,KOTA BANDUNG,CACAT RUNGU/WICARA,286,JIWA,2015
448,32,JAWA BARAT,3273,KOTA BANDUNG,CACAT MENTAL/JIWA,225,JIWA,2015
449,32,JAWA BARAT,3273,KOTA BANDUNG,CACAT FISIK DAN MENTAL,107,JIWA,2015
450,32,JAWA BARAT,3273,KOTA BANDUNG,CACAT LAINNYA,301,JIWA,2015
451,32,JAWA BARAT,3274,KOTA CIREBON,CACAT FISIK,117,JIWA,2015
452,32,JAWA BARAT,3274,KOTA CIREBON,CACAT NETRA/BUTA,55,JIWA,2015
453,32,JAWA BARAT,3274,KOTA CIREBON,CACAT RUNGU/WICARA,106,JIWA,2015
454,32,JAWA BARAT,3274,KOTA CIREBON,CACAT MENTAL/JIWA,78,JIWA,2015
455,32,JAWA BARAT,3274,KOTA CIREBON,CACAT FISIK DAN MENTAL,31,JIWA,2015
456,32,JAWA BARAT,3274,KOTA CIREBON,CACAT LAINNYA,36,JIWA,2015
457,32,JAWA BARAT,3275,KOTA BEKASI,CACAT FISIK,154,JIWA,2015
458,32,JAWA BARAT,3275,KOTA BEKASI,CACAT NETRA/BUTA,151,JIWA,2015
459,32,JAWA BARAT,3275,KOTA BEKASI,CACAT RUNGU/WICARA,207,JIWA,2015
460,32,JAWA BARAT,3275,KOTA BEKASI,CACAT MENTAL/JIWA,162,JIWA,2015
461,32,JAWA BARAT,3275,KOTA BEKASI,CACAT FISIK DAN MENTAL,65,JIWA,2015
462,32,JAWA BARAT,3275,KOTA BEKASI,CACAT LAINNYA,9756,JIWA,2015
463,32,JAWA BARAT,3276,KOTA DEPOK,CACAT FISIK,326,JIWA,2015
464,32,JAWA BARAT,3276,KOTA DEPOK,CACAT NETRA/BUTA,80,JIWA,2015
465,32,JAWA BARAT,3276,KOTA DEPOK,CACAT RUNGU/WICARA,171,JIWA,2015
466,32,JAWA BARAT,3276,KOTA DEPOK,CACAT MENTAL/JIWA,160,JIWA,2015
467,32,JAWA BARAT,3276,KOTA DEPOK,CACAT FISIK DAN MENTAL,57,JIWA,2015
468,32,JAWA BARAT,3276,KOTA DEPOK,CACAT LAINNYA,142,JIWA,2015
469,32,JAWA BARAT,3277,KOTA CIMAHI,CACAT FISIK,378,JIWA,2015
470,32,JAWA BARAT,3277,KOTA CIMAHI,CACAT NETRA/BUTA,111,JIWA,2015
471,32,JAWA BARAT,3277,KOTA CIMAHI,CACAT RUNGU/WICARA,146,JIWA,2015
472,32,JAWA BARAT,3277,KOTA CIMAHI,CACAT MENTAL/JIWA,236,JIWA,2015
473,32,JAWA BARAT,3277,KOTA CIMAHI,CACAT FISIK DAN MENTAL,25,JIWA,2015
474,32,JAWA BARAT,3277,KOTA CIMAHI,CACAT LAINNYA,105,JIWA,2015
475,32,JAWA BARAT,3278,KOTA TASIKMALAYA,CACAT FISIK,152,JIWA,2015
476,32,JAWA BARAT,3278,KOTA TASIKMALAYA,CACAT NETRA/BUTA,58,JIWA,2015
477,32,JAWA BARAT,3278,KOTA TASIKMALAYA,CACAT RUNGU/WICARA,82,JIWA,2015
478,32,JAWA BARAT,3278,KOTA TASIKMALAYA,CACAT MENTAL/JIWA,66,JIWA,2015
479,32,JAWA BARAT,3278,KOTA TASIKMALAYA,CACAT FISIK DAN MENTAL,31,JIWA,2015
480,32,JAWA BARAT,3278,KOTA TASIKMALAYA,CACAT LAINNYA,83,JIWA,2015
481,32,JAWA BARAT,3279,KOTA BANJAR,CACAT FISIK,163,JIWA,2015
482,32,JAWA BARAT,3279,KOTA BANJAR,CACAT NETRA/BUTA,61,JIWA,2015
483,32,JAWA BARAT,3279,KOTA BANJAR,CACAT RUNGU/WICARA,67,JIWA,2015
484,32,JAWA BARAT,3279,KOTA BANJAR,CACAT MENTAL/JIWA,83,JIWA,2015
485,32,JAWA BARAT,3279,KOTA BANJAR,CACAT FISIK DAN MENTAL,16,JIWA,2015
486,32,JAWA BARAT,3279,KOTA BANJAR,CACAT LAINNYA,17,JIWA,2015
487,32,JAWA BARAT,3201,KABUPATEN BOGOR,CACAT FISIK,538,JIWA,2016
488,32,JAWA BARAT,3201,KABUPATEN BOGOR,CACAT NETRA/BUTA,172,JIWA,2016
489,32,JAWA BARAT,3201,KABUPATEN BOGOR,CACAT RUNGU/WICARA,183,JIWA,2016
490,32,JAWA BARAT,3201,KABUPATEN BOGOR,CACAT MENTAL/JIWA,184,JIWA,2016
491,32,JAWA BARAT,3201,KABUPATEN BOGOR,CACAT FISIK DAN MENTAL,77,JIWA,2016
492,32,JAWA BARAT,3201,KABUPATEN BOGOR,CACAT LAINNYA,146,JIWA,2016
493,32,JAWA BARAT,3202,KABUPATEN SUKABUMI,CACAT FISIK,257,JIWA,2016
494,32,JAWA BARAT,3202,KABUPATEN SUKABUMI,CACAT NETRA/BUTA,144,JIWA,2016
495,32,JAWA BARAT,3202,KABUPATEN SUKABUMI,CACAT RUNGU/WICARA,142,JIWA,2016
496,32,JAWA BARAT,3202,KABUPATEN SUKABUMI,CACAT MENTAL/JIWA,82,JIWA,2016
497,32,JAWA BARAT,3202,KABUPATEN SUKABUMI,CACAT FISIK DAN MENTAL,21,JIWA,2016
498,32,JAWA BARAT,3202,KABUPATEN SUKABUMI,CACAT LAINNYA,114,JIWA,2016
499,32,JAWA BARAT,3203,KABUPATEN CIANJUR,CACAT FISIK,315,JIWA,2016
500,32,JAWA BARAT,3203,KABUPATEN CIANJUR,CACAT NETRA/BUTA,115,JIWA,2016
501,32,JAWA BARAT,3203,KABUPATEN CIANJUR,CACAT RUNGU/WICARA,129,JIWA,2016
502,32,JAWA BARAT,3203,KABUPATEN CIANJUR,CACAT MENTAL/JIWA,119,JIWA,2016
503,32,JAWA BARAT,3203,KABUPATEN CIANJUR,CACAT FISIK DAN MENTAL,44,JIWA,2016
504,32,JAWA BARAT,3203,KABUPATEN CIANJUR,CACAT LAINNYA,119,JIWA,2016
505,32,JAWA BARAT,3204,KABUPATEN BANDUNG,CACAT FISIK,718,JIWA,2016
506,32,JAWA BARAT,3204,KABUPATEN BANDUNG,CACAT NETRA/BUTA,204,JIWA,2016
507,32,JAWA BARAT,3204,KABUPATEN BANDUNG,CACAT RUNGU/WICARA,193,JIWA,2016
508,32,JAWA BARAT,3204,KABUPATEN BANDUNG,CACAT MENTAL/JIWA,181,JIWA,2016
509,32,JAWA BARAT,3204,KABUPATEN BANDUNG,CACAT FISIK DAN MENTAL,75,JIWA,2016
510,32,JAWA BARAT,3204,KABUPATEN BANDUNG,CACAT LAINNYA,461,JIWA,2016
511,32,JAWA BARAT,3205,KABUPATEN GARUT,CACAT FISIK,359,JIWA,2016
512,32,JAWA BARAT,3205,KABUPATEN GARUT,CACAT NETRA/BUTA,192,JIWA,2016
513,32,JAWA BARAT,3205,KABUPATEN GARUT,CACAT RUNGU/WICARA,228,JIWA,2016
514,32,JAWA BARAT,3205,KABUPATEN GARUT,CACAT MENTAL/JIWA,148,JIWA,2016
515,32,JAWA BARAT,3205,KABUPATEN GARUT,CACAT FISIK DAN MENTAL,75,JIWA,2016
516,32,JAWA BARAT,3205,KABUPATEN GARUT,CACAT LAINNYA,96,JIWA,2016
517,32,JAWA BARAT,3206,KABUPATEN TASIKMALAYA,CACAT FISIK,298,JIWA,2016
518,32,JAWA BARAT,3206,KABUPATEN TASIKMALAYA,CACAT NETRA/BUTA,134,JIWA,2016
519,32,JAWA BARAT,3206,KABUPATEN TASIKMALAYA,CACAT RUNGU/WICARA,183,JIWA,2016
520,32,JAWA BARAT,3206,KABUPATEN TASIKMALAYA,CACAT MENTAL/JIWA,205,JIWA,2016
521,32,JAWA BARAT,3206,KABUPATEN TASIKMALAYA,CACAT FISIK DAN MENTAL,55,JIWA,2016
522,32,JAWA BARAT,3206,KABUPATEN TASIKMALAYA,CACAT LAINNYA,71,JIWA,2016
523,32,JAWA BARAT,3207,KABUPATEN CIAMIS,CACAT FISIK,7100,JIWA,2016
524,32,JAWA BARAT,3207,KABUPATEN CIAMIS,CACAT NETRA/BUTA,1201,JIWA,2016
525,32,JAWA BARAT,3207,KABUPATEN CIAMIS,CACAT RUNGU/WICARA,650,JIWA,2016
526,32,JAWA BARAT,3207,KABUPATEN CIAMIS,CACAT MENTAL/JIWA,585,JIWA,2016
527,32,JAWA BARAT,3207,KABUPATEN CIAMIS,CACAT FISIK DAN MENTAL,165,JIWA,2016
528,32,JAWA BARAT,3207,KABUPATEN CIAMIS,CACAT LAINNYA,313,JIWA,2016
529,32,JAWA BARAT,3208,KABUPATEN KUNINGAN,CACAT FISIK,178,JIWA,2016
530,32,JAWA BARAT,3208,KABUPATEN KUNINGAN,CACAT NETRA/BUTA,104,JIWA,2016
531,32,JAWA BARAT,3208,KABUPATEN KUNINGAN,CACAT RUNGU/WICARA,143,JIWA,2016
532,32,JAWA BARAT,3208,KABUPATEN KUNINGAN,CACAT MENTAL/JIWA,180,JIWA,2016
533,32,JAWA BARAT,3208,KABUPATEN KUNINGAN,CACAT FISIK DAN MENTAL,55,JIWA,2016
534,32,JAWA BARAT,3208,KABUPATEN KUNINGAN,CACAT LAINNYA,51,JIWA,2016
535,32,JAWA BARAT,3209,KABUPATEN CIREBON,CACAT FISIK,103,JIWA,2016
536,32,JAWA BARAT,3209,KABUPATEN CIREBON,CACAT NETRA/BUTA,20,JIWA,2016
537,32,JAWA BARAT,3209,KABUPATEN CIREBON,CACAT RUNGU/WICARA,49,JIWA,2016
538,32,JAWA BARAT,3209,KABUPATEN CIREBON,CACAT MENTAL/JIWA,31,JIWA,2016
539,32,JAWA BARAT,3209,KABUPATEN CIREBON,CACAT FISIK DAN MENTAL,17,JIWA,2016
540,32,JAWA BARAT,3209,KABUPATEN CIREBON,CACAT LAINNYA,25,JIWA,2016
541,32,JAWA BARAT,3210,KABUPATEN MAJALENGKA,CACAT FISIK,300,JIWA,2016
542,32,JAWA BARAT,3210,KABUPATEN MAJALENGKA,CACAT NETRA/BUTA,90,JIWA,2016
543,32,JAWA BARAT,3210,KABUPATEN MAJALENGKA,CACAT RUNGU/WICARA,155,JIWA,2016
544,32,JAWA BARAT,3210,KABUPATEN MAJALENGKA,CACAT MENTAL/JIWA,110,JIWA,2016
545,32,JAWA BARAT,3210,KABUPATEN MAJALENGKA,CACAT FISIK DAN MENTAL,48,JIWA,2016
546,32,JAWA BARAT,3210,KABUPATEN MAJALENGKA,CACAT LAINNYA,58,JIWA,2016
547,32,JAWA BARAT,3211,KABUPATEN SUMEDANG,CACAT FISIK,208,JIWA,2016
548,32,JAWA BARAT,3211,KABUPATEN SUMEDANG,CACAT NETRA/BUTA,108,JIWA,2016
549,32,JAWA BARAT,3211,KABUPATEN SUMEDANG,CACAT RUNGU/WICARA,159,JIWA,2016
550,32,JAWA BARAT,3211,KABUPATEN SUMEDANG,CACAT MENTAL/JIWA,145,JIWA,2016
551,32,JAWA BARAT,3211,KABUPATEN SUMEDANG,CACAT FISIK DAN MENTAL,24,JIWA,2016
552,32,JAWA BARAT,3211,KABUPATEN SUMEDANG,CACAT LAINNYA,67,JIWA,2016
553,32,JAWA BARAT,3212,KABUPATEN INDRAMAYU,CACAT FISIK,435,JIWA,2016
554,32,JAWA BARAT,3212,KABUPATEN INDRAMAYU,CACAT NETRA/BUTA,198,JIWA,2016
555,32,JAWA BARAT,3212,KABUPATEN INDRAMAYU,CACAT RUNGU/WICARA,261,JIWA,2016
556,32,JAWA BARAT,3212,KABUPATEN INDRAMAYU,CACAT MENTAL/JIWA,307,JIWA,2016
557,32,JAWA BARAT,3212,KABUPATEN INDRAMAYU,CACAT FISIK DAN MENTAL,103,JIWA,2016
558,32,JAWA BARAT,3212,KABUPATEN INDRAMAYU,CACAT LAINNYA,82,JIWA,2016
559,32,JAWA BARAT,3213,KABUPATEN SUBANG,CACAT FISIK,100,JIWA,2016
560,32,JAWA BARAT,3213,KABUPATEN SUBANG,CACAT NETRA/BUTA,55,JIWA,2016
561,32,JAWA BARAT,3213,KABUPATEN SUBANG,CACAT RUNGU/WICARA,57,JIWA,2016
562,32,JAWA BARAT,3213,KABUPATEN SUBANG,CACAT MENTAL/JIWA,64,JIWA,2016
563,32,JAWA BARAT,3213,KABUPATEN SUBANG,CACAT FISIK DAN MENTAL,32,JIWA,2016
564,32,JAWA BARAT,3213,KABUPATEN SUBANG,CACAT LAINNYA,42,JIWA,2016
565,32,JAWA BARAT,3214,KABUPATEN PURWAKARTA,CACAT FISIK,116,JIWA,2016
566,32,JAWA BARAT,3214,KABUPATEN PURWAKARTA,CACAT NETRA/BUTA,58,JIWA,2016
567,32,JAWA BARAT,3214,KABUPATEN PURWAKARTA,CACAT RUNGU/WICARA,72,JIWA,2016
568,32,JAWA BARAT,3214,KABUPATEN PURWAKARTA,CACAT MENTAL/JIWA,125,JIWA,2016
569,32,JAWA BARAT,3214,KABUPATEN PURWAKARTA,CACAT FISIK DAN MENTAL,34,JIWA,2016
570,32,JAWA BARAT,3214,KABUPATEN PURWAKARTA,CACAT LAINNYA,48,JIWA,2016
571,32,JAWA BARAT,3215,KABUPATEN KARAWANG,CACAT FISIK,240,JIWA,2016
572,32,JAWA BARAT,3215,KABUPATEN KARAWANG,CACAT NETRA/BUTA,123,JIWA,2016
573,32,JAWA BARAT,3215,KABUPATEN KARAWANG,CACAT RUNGU/WICARA,126,JIWA,2016
574,32,JAWA BARAT,3215,KABUPATEN KARAWANG,CACAT MENTAL/JIWA,110,JIWA,2016
575,32,JAWA BARAT,3215,KABUPATEN KARAWANG,CACAT FISIK DAN MENTAL,45,JIWA,2016
576,32,JAWA BARAT,3215,KABUPATEN KARAWANG,CACAT LAINNYA,58,JIWA,2016
577,32,JAWA BARAT,3216,KABUPATEN BEKASI,CACAT FISIK,215,JIWA,2016
578,32,JAWA BARAT,3216,KABUPATEN BEKASI,CACAT NETRA/BUTA,200,JIWA,2016
579,32,JAWA BARAT,3216,KABUPATEN BEKASI,CACAT RUNGU/WICARA,182,JIWA,2016
580,32,JAWA BARAT,3216,KABUPATEN BEKASI,CACAT MENTAL/JIWA,148,JIWA,2016
581,32,JAWA BARAT,3216,KABUPATEN BEKASI,CACAT FISIK DAN MENTAL,102,JIWA,2016
582,32,JAWA BARAT,3216,KABUPATEN BEKASI,CACAT LAINNYA,201,JIWA,2016
583,32,JAWA BARAT,3217,KABUPATEN BANDUNG BARAT,CACAT FISIK,89,JIWA,2016
584,32,JAWA BARAT,3217,KABUPATEN BANDUNG BARAT,CACAT NETRA/BUTA,41,JIWA,2016
585,32,JAWA BARAT,3217,KABUPATEN BANDUNG BARAT,CACAT RUNGU/WICARA,50,JIWA,2016
586,32,JAWA BARAT,3217,KABUPATEN BANDUNG BARAT,CACAT MENTAL/JIWA,40,JIWA,2016
587,32,JAWA BARAT,3217,KABUPATEN BANDUNG BARAT,CACAT FISIK DAN MENTAL,12,JIWA,2016
588,32,JAWA BARAT,3217,KABUPATEN BANDUNG BARAT,CACAT LAINNYA,29,JIWA,2016
589,32,JAWA BARAT,3218,KABUPATEN PANGANDARAN,CACAT FISIK,3154,JIWA,2016
590,32,JAWA BARAT,3218,KABUPATEN PANGANDARAN,CACAT NETRA/BUTA,300,JIWA,2016
591,32,JAWA BARAT,3218,KABUPATEN PANGANDARAN,CACAT RUNGU/WICARA,193,JIWA,2016
592,32,JAWA BARAT,3218,KABUPATEN PANGANDARAN,CACAT MENTAL/JIWA,151,JIWA,2016
593,32,JAWA BARAT,3218,KABUPATEN PANGANDARAN,CACAT FISIK DAN MENTAL,49,JIWA,2016
594,32,JAWA BARAT,3218,KABUPATEN PANGANDARAN,CACAT LAINNYA,75,JIWA,2016
595,32,JAWA BARAT,3271,KOTA BOGOR,CACAT FISIK,14,JIWA,2016
596,32,JAWA BARAT,3271,KOTA BOGOR,CACAT NETRA/BUTA,31,JIWA,2016
597,32,JAWA BARAT,3271,KOTA BOGOR,CACAT RUNGU/WICARA,52,JIWA,2016
598,32,JAWA BARAT,3271,KOTA BOGOR,CACAT MENTAL/JIWA,30,JIWA,2016
599,32,JAWA BARAT,3271,KOTA BOGOR,CACAT FISIK DAN MENTAL,8,JIWA,2016
600,32,JAWA BARAT,3271,KOTA BOGOR,CACAT LAINNYA,57,JIWA,2016
601,32,JAWA BARAT,3272,KOTA SUKABUMI,CACAT FISIK,59,JIWA,2016
602,32,JAWA BARAT,3272,KOTA SUKABUMI,CACAT NETRA/BUTA,26,JIWA,2016
603,32,JAWA BARAT,3272,KOTA SUKABUMI,CACAT RUNGU/WICARA,41,JIWA,2016
604,32,JAWA BARAT,3272,KOTA SUKABUMI,CACAT MENTAL/JIWA,27,JIWA,2016
605,32,JAWA BARAT,3272,KOTA SUKABUMI,CACAT FISIK DAN MENTAL,14,JIWA,2016
606,32,JAWA BARAT,3272,KOTA SUKABUMI,CACAT LAINNYA,22,JIWA,2016
607,32,JAWA BARAT,3273,KOTA BANDUNG,CACAT FISIK,452,JIWA,2016
608,32,JAWA BARAT,3273,KOTA BANDUNG,CACAT NETRA/BUTA,243,JIWA,2016
609,32,JAWA BARAT,3273,KOTA BANDUNG,CACAT RUNGU/WICARA,309,JIWA,2016
610,32,JAWA BARAT,3273,KOTA BANDUNG,CACAT MENTAL/JIWA,341,JIWA,2016
611,32,JAWA BARAT,3273,KOTA BANDUNG,CACAT FISIK DAN MENTAL,139,JIWA,2016
612,32,JAWA BARAT,3273,KOTA BANDUNG,CACAT LAINNYA,351,JIWA,2016
613,32,JAWA BARAT,3274,KOTA CIREBON,CACAT FISIK,123,JIWA,2016
614,32,JAWA BARAT,3274,KOTA CIREBON,CACAT NETRA/BUTA,58,JIWA,2016
615,32,JAWA BARAT,3274,KOTA CIREBON,CACAT RUNGU/WICARA,106,JIWA,2016
616,32,JAWA BARAT,3274,KOTA CIREBON,CACAT MENTAL/JIWA,82,JIWA,2016
617,32,JAWA BARAT,3274,KOTA CIREBON,CACAT FISIK DAN MENTAL,38,JIWA,2016
618,32,JAWA BARAT,3274,KOTA CIREBON,CACAT LAINNYA,42,JIWA,2016
619,32,JAWA BARAT,3275,KOTA BEKASI,CACAT FISIK,170,JIWA,2016
620,32,JAWA BARAT,3275,KOTA BEKASI,CACAT NETRA/BUTA,162,JIWA,2016
621,32,JAWA BARAT,3275,KOTA BEKASI,CACAT RUNGU/WICARA,231,JIWA,2016
622,32,JAWA BARAT,3275,KOTA BEKASI,CACAT MENTAL/JIWA,193,JIWA,2016
623,32,JAWA BARAT,3275,KOTA BEKASI,CACAT FISIK DAN MENTAL,77,JIWA,2016
624,32,JAWA BARAT,3275,KOTA BEKASI,CACAT LAINNYA,8281,JIWA,2016
625,32,JAWA BARAT,3276,KOTA DEPOK,CACAT FISIK,371,JIWA,2016
626,32,JAWA BARAT,3276,KOTA DEPOK,CACAT NETRA/BUTA,96,JIWA,2016
627,32,JAWA BARAT,3276,KOTA DEPOK,CACAT RUNGU/WICARA,222,JIWA,2016
628,32,JAWA BARAT,3276,KOTA DEPOK,CACAT MENTAL/JIWA,235,JIWA,2016
629,32,JAWA BARAT,3276,KOTA DEPOK,CACAT FISIK DAN MENTAL,95,JIWA,2016
630,32,JAWA BARAT,3276,KOTA DEPOK,CACAT LAINNYA,165,JIWA,2016
631,32,JAWA BARAT,3277,KOTA CIMAHI,CACAT FISIK,379,JIWA,2016
632,32,JAWA BARAT,3277,KOTA CIMAHI,CACAT NETRA/BUTA,114,JIWA,2016
633,32,JAWA BARAT,3277,KOTA CIMAHI,CACAT RUNGU/WICARA,162,JIWA,2016
634,32,JAWA BARAT,3277,KOTA CIMAHI,CACAT MENTAL/JIWA,276,JIWA,2016
635,32,JAWA BARAT,3277,KOTA CIMAHI,CACAT FISIK DAN MENTAL,36,JIWA,2016
636,32,JAWA BARAT,3277,KOTA CIMAHI,CACAT LAINNYA,119,JIWA,2016
637,32,JAWA BARAT,3278,KOTA TASIKMALAYA,CACAT FISIK,162,JIWA,2016
638,32,JAWA BARAT,3278,KOTA TASIKMALAYA,CACAT NETRA/BUTA,60,JIWA,2016
639,32,JAWA BARAT,3278,KOTA TASIKMALAYA,CACAT RUNGU/WICARA,82,JIWA,2016
640,32,JAWA BARAT,3278,KOTA TASIKMALAYA,CACAT MENTAL/JIWA,97,JIWA,2016
641,32,JAWA BARAT,3278,KOTA TASIKMALAYA,CACAT FISIK DAN MENTAL,39,JIWA,2016
642,32,JAWA BARAT,3278,KOTA TASIKMALAYA,CACAT LAINNYA,89,JIWA,2016
643,32,JAWA BARAT,3279,KOTA BANJAR,CACAT FISIK,162,JIWA,2016
644,32,JAWA BARAT,3279,KOTA BANJAR,CACAT NETRA/BUTA,70,JIWA,2016
645,32,JAWA BARAT,3279,KOTA BANJAR,CACAT RUNGU/WICARA,66,JIWA,2016
646,32,JAWA BARAT,3279,KOTA BANJAR,CACAT MENTAL/JIWA,107,JIWA,2016
647,32,JAWA BARAT,3279,KOTA BANJAR,CACAT FISIK DAN MENTAL,17,JIWA,2016
648,32,JAWA BARAT,3279,KOTA BANJAR,CACAT LAINNYA,18,JIWA,2016
649,32,JAWA BARAT,3201,KABUPATEN BOGOR,CACAT FISIK,534,JIWA,2017
650,32,JAWA BARAT,3201,KABUPATEN BOGOR,CACAT NETRA/BUTA,174,JIWA,2017
651,32,JAWA BARAT,3201,KABUPATEN BOGOR,CACAT RUNGU/WICARA,188,JIWA,2017
652,32,JAWA BARAT,3201,KABUPATEN BOGOR,CACAT MENTAL/JIWA,199,JIWA,2017
653,32,JAWA BARAT,3201,KABUPATEN BOGOR,CACAT FISIK DAN MENTAL,76,JIWA,2017
654,32,JAWA BARAT,3201,KABUPATEN BOGOR,CACAT LAINNYA,163,JIWA,2017
655,32,JAWA BARAT,3202,KABUPATEN SUKABUMI,CACAT FISIK,213,JIWA,2017
656,32,JAWA BARAT,3202,KABUPATEN SUKABUMI,CACAT NETRA/BUTA,116,JIWA,2017
657,32,JAWA BARAT,3202,KABUPATEN SUKABUMI,CACAT RUNGU/WICARA,118,JIWA,2017
658,32,JAWA BARAT,3202,KABUPATEN SUKABUMI,CACAT MENTAL/JIWA,68,JIWA,2017
659,32,JAWA BARAT,3202,KABUPATEN SUKABUMI,CACAT FISIK DAN MENTAL,20,JIWA,2017
660,32,JAWA BARAT,3202,KABUPATEN SUKABUMI,CACAT LAINNYA,90,JIWA,2017
661,32,JAWA BARAT,3203,KABUPATEN CIANJUR,CACAT FISIK,302,JIWA,2017
662,32,JAWA BARAT,3203,KABUPATEN CIANJUR,CACAT NETRA/BUTA,101,JIWA,2017
663,32,JAWA BARAT,3203,KABUPATEN CIANJUR,CACAT RUNGU/WICARA,127,JIWA,2017
664,32,JAWA BARAT,3203,KABUPATEN CIANJUR,CACAT MENTAL/JIWA,103,JIWA,2017
665,32,JAWA BARAT,3203,KABUPATEN CIANJUR,CACAT FISIK DAN MENTAL,46,JIWA,2017
666,32,JAWA BARAT,3203,KABUPATEN CIANJUR,CACAT LAINNYA,114,JIWA,2017
667,32,JAWA BARAT,3204,KABUPATEN BANDUNG,CACAT FISIK,695,JIWA,2017
668,32,JAWA BARAT,3204,KABUPATEN BANDUNG,CACAT NETRA/BUTA,204,JIWA,2017
669,32,JAWA BARAT,3204,KABUPATEN BANDUNG,CACAT RUNGU/WICARA,190,JIWA,2017
670,32,JAWA BARAT,3204,KABUPATEN BANDUNG,CACAT MENTAL/JIWA,197,JIWA,2017
671,32,JAWA BARAT,3204,KABUPATEN BANDUNG,CACAT FISIK DAN MENTAL,74,JIWA,2017
672,32,JAWA BARAT,3204,KABUPATEN BANDUNG,CACAT LAINNYA,419,JIWA,2017
673,32,JAWA BARAT,3205,KABUPATEN GARUT,CACAT FISIK,352,JIWA,2017
674,32,JAWA BARAT,3205,KABUPATEN GARUT,CACAT NETRA/BUTA,182,JIWA,2017
675,32,JAWA BARAT,3205,KABUPATEN GARUT,CACAT RUNGU/WICARA,222,JIWA,2017
676,32,JAWA BARAT,3205,KABUPATEN GARUT,CACAT MENTAL/JIWA,155,JIWA,2017
677,32,JAWA BARAT,3205,KABUPATEN GARUT,CACAT FISIK DAN MENTAL,78,JIWA,2017
678,32,JAWA BARAT,3205,KABUPATEN GARUT,CACAT LAINNYA,106,JIWA,2017
679,32,JAWA BARAT,3206,KABUPATEN TASIKMALAYA,CACAT FISIK,286,JIWA,2017
680,32,JAWA BARAT,3206,KABUPATEN TASIKMALAYA,CACAT NETRA/BUTA,122,JIWA,2017
681,32,JAWA BARAT,3206,KABUPATEN TASIKMALAYA,CACAT RUNGU/WICARA,168,JIWA,2017
682,32,JAWA BARAT,3206,KABUPATEN TASIKMALAYA,CACAT MENTAL/JIWA,189,JIWA,2017
683,32,JAWA BARAT,3206,KABUPATEN TASIKMALAYA,CACAT FISIK DAN MENTAL,49,JIWA,2017
684,32,JAWA BARAT,3206,KABUPATEN TASIKMALAYA,CACAT LAINNYA,64,JIWA,2017
685,32,JAWA BARAT,3207,KABUPATEN CIAMIS,CACAT FISIK,6713,JIWA,2017
686,32,JAWA BARAT,3207,KABUPATEN CIAMIS,CACAT NETRA/BUTA,1152,JIWA,2017
687,32,JAWA BARAT,3207,KABUPATEN CIAMIS,CACAT RUNGU/WICARA,637,JIWA,2017
688,32,JAWA BARAT,3207,KABUPATEN CIAMIS,CACAT MENTAL/JIWA,612,JIWA,2017
689,32,JAWA BARAT,3207,KABUPATEN CIAMIS,CACAT FISIK DAN MENTAL,167,JIWA,2017
690,32,JAWA BARAT,3207,KABUPATEN CIAMIS,CACAT LAINNYA,308,JIWA,2017
691,32,JAWA BARAT,3208,KABUPATEN KUNINGAN,CACAT FISIK,171,JIWA,2017
692,32,JAWA BARAT,3208,KABUPATEN KUNINGAN,CACAT NETRA/BUTA,100,JIWA,2017
693,32,JAWA BARAT,3208,KABUPATEN KUNINGAN,CACAT RUNGU/WICARA,146,JIWA,2017
694,32,JAWA BARAT,3208,KABUPATEN KUNINGAN,CACAT MENTAL/JIWA,183,JIWA,2017
695,32,JAWA BARAT,3208,KABUPATEN KUNINGAN,CACAT FISIK DAN MENTAL,53,JIWA,2017
696,32,JAWA BARAT,3208,KABUPATEN KUNINGAN,CACAT LAINNYA,50,JIWA,2017
697,32,JAWA BARAT,3209,KABUPATEN CIREBON,CACAT FISIK,104,JIWA,2017
698,32,JAWA BARAT,3209,KABUPATEN CIREBON,CACAT NETRA/BUTA,21,JIWA,2017
699,32,JAWA BARAT,3209,KABUPATEN CIREBON,CACAT RUNGU/WICARA,55,JIWA,2017
700,32,JAWA BARAT,3209,KABUPATEN CIREBON,CACAT MENTAL/JIWA,43,JIWA,2017
701,32,JAWA BARAT,3209,KABUPATEN CIREBON,CACAT FISIK DAN MENTAL,16,JIWA,2017
702,32,JAWA BARAT,3209,KABUPATEN CIREBON,CACAT LAINNYA,26,JIWA,2017
703,32,JAWA BARAT,3210,KABUPATEN MAJALENGKA,CACAT FISIK,302,JIWA,2017
704,32,JAWA BARAT,3210,KABUPATEN MAJALENGKA,CACAT NETRA/BUTA,97,JIWA,2017
705,32,JAWA BARAT,3210,KABUPATEN MAJALENGKA,CACAT RUNGU/WICARA,165,JIWA,2017
706,32,JAWA BARAT,3210,KABUPATEN MAJALENGKA,CACAT MENTAL/JIWA,119,JIWA,2017
707,32,JAWA BARAT,3210,KABUPATEN MAJALENGKA,CACAT FISIK DAN MENTAL,57,JIWA,2017
708,32,JAWA BARAT,3210,KABUPATEN MAJALENGKA,CACAT LAINNYA,62,JIWA,2017
709,32,JAWA BARAT,3211,KABUPATEN SUMEDANG,CACAT FISIK,265,JIWA,2017
710,32,JAWA BARAT,3211,KABUPATEN SUMEDANG,CACAT NETRA/BUTA,129,JIWA,2017
711,32,JAWA BARAT,3211,KABUPATEN SUMEDANG,CACAT RUNGU/WICARA,200,JIWA,2017
712,32,JAWA BARAT,3211,KABUPATEN SUMEDANG,CACAT MENTAL/JIWA,259,JIWA,2017
713,32,JAWA BARAT,3211,KABUPATEN SUMEDANG,CACAT FISIK DAN MENTAL,59,JIWA,2017
714,32,JAWA BARAT,3211,KABUPATEN SUMEDANG,CACAT LAINNYA,96,JIWA,2017
715,32,JAWA BARAT,3212,KABUPATEN INDRAMAYU,CACAT FISIK,414,JIWA,2017
716,32,JAWA BARAT,3212,KABUPATEN INDRAMAYU,CACAT NETRA/BUTA,183,JIWA,2017
717,32,JAWA BARAT,3212,KABUPATEN INDRAMAYU,CACAT RUNGU/WICARA,266,JIWA,2017
718,32,JAWA BARAT,3212,KABUPATEN INDRAMAYU,CACAT MENTAL/JIWA,308,JIWA,2017
719,32,JAWA BARAT,3212,KABUPATEN INDRAMAYU,CACAT FISIK DAN MENTAL,113,JIWA,2017
720,32,JAWA BARAT,3212,KABUPATEN INDRAMAYU,CACAT LAINNYA,78,JIWA,2017
721,32,JAWA BARAT,3213,KABUPATEN SUBANG,CACAT FISIK,103,JIWA,2017
722,32,JAWA BARAT,3213,KABUPATEN SUBANG,CACAT NETRA/BUTA,54,JIWA,2017
723,32,JAWA BARAT,3213,KABUPATEN SUBANG,CACAT RUNGU/WICARA,59,JIWA,2017
724,32,JAWA BARAT,3213,KABUPATEN SUBANG,CACAT MENTAL/JIWA,73,JIWA,2017
725,32,JAWA BARAT,3213,KABUPATEN SUBANG,CACAT FISIK DAN MENTAL,33,JIWA,2017
726,32,JAWA BARAT,3213,KABUPATEN SUBANG,CACAT LAINNYA,45,JIWA,2017
727,32,JAWA BARAT,3214,KABUPATEN PURWAKARTA,CACAT FISIK,121,JIWA,2017
728,32,JAWA BARAT,3214,KABUPATEN PURWAKARTA,CACAT NETRA/BUTA,56,JIWA,2017
729,32,JAWA BARAT,3214,KABUPATEN PURWAKARTA,CACAT RUNGU/WICARA,73,JIWA,2017
730,32,JAWA BARAT,3214,KABUPATEN PURWAKARTA,CACAT MENTAL/JIWA,132,JIWA,2017
731,32,JAWA BARAT,3214,KABUPATEN PURWAKARTA,CACAT FISIK DAN MENTAL,30,JIWA,2017
732,32,JAWA BARAT,3214,KABUPATEN PURWAKARTA,CACAT LAINNYA,52,JIWA,2017
733,32,JAWA BARAT,3215,KABUPATEN KARAWANG,CACAT FISIK,238,JIWA,2017
734,32,JAWA BARAT,3215,KABUPATEN KARAWANG,CACAT NETRA/BUTA,116,JIWA,2017
735,32,JAWA BARAT,3215,KABUPATEN KARAWANG,CACAT RUNGU/WICARA,122,JIWA,2017
736,32,JAWA BARAT,3215,KABUPATEN KARAWANG,CACAT MENTAL/JIWA,141,JIWA,2017
737,32,JAWA BARAT,3215,KABUPATEN KARAWANG,CACAT FISIK DAN MENTAL,50,JIWA,2017
738,32,JAWA BARAT,3215,KABUPATEN KARAWANG,CACAT LAINNYA,57,JIWA,2017
739,32,JAWA BARAT,3216,KABUPATEN BEKASI,CACAT FISIK,225,JIWA,2017
740,32,JAWA BARAT,3216,KABUPATEN BEKASI,CACAT NETRA/BUTA,193,JIWA,2017
741,32,JAWA BARAT,3216,KABUPATEN BEKASI,CACAT RUNGU/WICARA,187,JIWA,2017
742,32,JAWA BARAT,3216,KABUPATEN BEKASI,CACAT MENTAL/JIWA,156,JIWA,2017
743,32,JAWA BARAT,3216,KABUPATEN BEKASI,CACAT FISIK DAN MENTAL,110,JIWA,2017
744,32,JAWA BARAT,3216,KABUPATEN BEKASI,CACAT LAINNYA,210,JIWA,2017
745,32,JAWA BARAT,3217,KABUPATEN BANDUNG BARAT,CACAT FISIK,84,JIWA,2017
746,32,JAWA BARAT,3217,KABUPATEN BANDUNG BARAT,CACAT NETRA/BUTA,38,JIWA,2017
747,32,JAWA BARAT,3217,KABUPATEN BANDUNG BARAT,CACAT RUNGU/WICARA,51,JIWA,2017
748,32,JAWA BARAT,3217,KABUPATEN BANDUNG BARAT,CACAT MENTAL/JIWA,35,JIWA,2017
749,32,JAWA BARAT,3217,KABUPATEN BANDUNG BARAT,CACAT FISIK DAN MENTAL,13,JIWA,2017
750,32,JAWA BARAT,3217,KABUPATEN BANDUNG BARAT,CACAT LAINNYA,32,JIWA,2017
751,32,JAWA BARAT,3218,KABUPATEN PANGANDARAN,CACAT FISIK,3065,JIWA,2017
752,32,JAWA BARAT,3218,KABUPATEN PANGANDARAN,CACAT NETRA/BUTA,285,JIWA,2017
753,32,JAWA BARAT,3218,KABUPATEN PANGANDARAN,CACAT RUNGU/WICARA,187,JIWA,2017
754,32,JAWA BARAT,3218,KABUPATEN PANGANDARAN,CACAT MENTAL/JIWA,163,JIWA,2017
755,32,JAWA BARAT,3218,KABUPATEN PANGANDARAN,CACAT FISIK DAN MENTAL,49,JIWA,2017
756,32,JAWA BARAT,3218,KABUPATEN PANGANDARAN,CACAT LAINNYA,79,JIWA,2017
757,32,JAWA BARAT,3271,KOTA BOGOR,CACAT FISIK,84,JIWA,2017
758,32,JAWA BARAT,3271,KOTA BOGOR,CACAT NETRA/BUTA,38,JIWA,2017
759,32,JAWA BARAT,3271,KOTA BOGOR,CACAT RUNGU/WICARA,51,JIWA,2017
760,32,JAWA BARAT,3271,KOTA BOGOR,CACAT MENTAL/JIWA,35,JIWA,2017
761,32,JAWA BARAT,3271,KOTA BOGOR,CACAT FISIK DAN MENTAL,13,JIWA,2017
762,32,JAWA BARAT,3271,KOTA BOGOR,CACAT LAINNYA,32,JIWA,2017
763,32,JAWA BARAT,3272,KOTA SUKABUMI,CACAT FISIK,57,JIWA,2017
764,32,JAWA BARAT,3272,KOTA SUKABUMI,CACAT NETRA/BUTA,24,JIWA,2017
765,32,JAWA BARAT,3272,KOTA SUKABUMI,CACAT RUNGU/WICARA,43,JIWA,2017
766,32,JAWA BARAT,3272,KOTA SUKABUMI,CACAT MENTAL/JIWA,31,JIWA,2017
767,32,JAWA BARAT,3272,KOTA SUKABUMI,CACAT FISIK DAN MENTAL,17,JIWA,2017
768,32,JAWA BARAT,3272,KOTA SUKABUMI,CACAT LAINNYA,23,JIWA,2017
769,32,JAWA BARAT,3273,KOTA BANDUNG,CACAT FISIK,434,JIWA,2017
770,32,JAWA BARAT,3273,KOTA BANDUNG,CACAT NETRA/BUTA,243,JIWA,2017
771,32,JAWA BARAT,3273,KOTA BANDUNG,CACAT RUNGU/WICARA,314,JIWA,2017
772,32,JAWA BARAT,3273,KOTA BANDUNG,CACAT MENTAL/JIWA,325,JIWA,2017
773,32,JAWA BARAT,3273,KOTA BANDUNG,CACAT FISIK DAN MENTAL,134,JIWA,2017
774,32,JAWA BARAT,3273,KOTA BANDUNG,CACAT LAINNYA,338,JIWA,2017
775,32,JAWA BARAT,3274,KOTA CIREBON,CACAT FISIK,121,JIWA,2017
776,32,JAWA BARAT,3274,KOTA CIREBON,CACAT NETRA/BUTA,54,JIWA,2017
777,32,JAWA BARAT,3274,KOTA CIREBON,CACAT RUNGU/WICARA,104,JIWA,2017
778,32,JAWA BARAT,3274,KOTA CIREBON,CACAT MENTAL/JIWA,85,JIWA,2017
779,32,JAWA BARAT,3274,KOTA CIREBON,CACAT FISIK DAN MENTAL,39,JIWA,2017
780,32,JAWA BARAT,3274,KOTA CIREBON,CACAT LAINNYA,42,JIWA,2017
781,32,JAWA BARAT,3275,KOTA BEKASI,CACAT FISIK,185,JIWA,2017
782,32,JAWA BARAT,3275,KOTA BEKASI,CACAT NETRA/BUTA,157,JIWA,2017
783,32,JAWA BARAT,3275,KOTA BEKASI,CACAT RUNGU/WICARA,253,JIWA,2017
784,32,JAWA BARAT,3275,KOTA BEKASI,CACAT MENTAL/JIWA,230,JIWA,2017
785,32,JAWA BARAT,3275,KOTA BEKASI,CACAT FISIK DAN MENTAL,83,JIWA,2017
786,32,JAWA BARAT,3275,KOTA BEKASI,CACAT LAINNYA,8005,JIWA,2017
787,32,JAWA BARAT,3276,KOTA DEPOK,CACAT FISIK,362,JIWA,2017
788,32,JAWA BARAT,3276,KOTA DEPOK,CACAT NETRA/BUTA,94,JIWA,2017
789,32,JAWA BARAT,3276,KOTA DEPOK,CACAT RUNGU/WICARA,223,JIWA,2017
790,32,JAWA BARAT,3276,KOTA DEPOK,CACAT MENTAL/JIWA,241,JIWA,2017
791,32,JAWA BARAT,3276,KOTA DEPOK,CACAT FISIK DAN MENTAL,92,JIWA,2017
792,32,JAWA BARAT,3276,KOTA DEPOK,CACAT LAINNYA,163,JIWA,2017
793,32,JAWA BARAT,3277,KOTA CIMAHI,CACAT FISIK,358,JIWA,2017
794,32,JAWA BARAT,3277,KOTA CIMAHI,CACAT NETRA/BUTA,105,JIWA,2017
795,32,JAWA BARAT,3277,KOTA CIMAHI,CACAT RUNGU/WICARA,164,JIWA,2017
796,32,JAWA BARAT,3277,KOTA CIMAHI,CACAT MENTAL/JIWA,270,JIWA,2017
797,32,JAWA BARAT,3277,KOTA CIMAHI,CACAT FISIK DAN MENTAL,35,JIWA,2017
798,32,JAWA BARAT,3277,KOTA CIMAHI,CACAT LAINNYA,115,JIWA,2017
799,32,JAWA BARAT,3278,KOTA TASIKMALAYA,CACAT FISIK,160,JIWA,2017
800,32,JAWA BARAT,3278,KOTA TASIKMALAYA,CACAT NETRA/BUTA,63,JIWA,2017
801,32,JAWA BARAT,3278,KOTA TASIKMALAYA,CACAT RUNGU/WICARA,83,JIWA,2017
802,32,JAWA BARAT,3278,KOTA TASIKMALAYA,CACAT MENTAL/JIWA,97,JIWA,2017
803,32,JAWA BARAT,3278,KOTA TASIKMALAYA,CACAT FISIK DAN MENTAL,38,JIWA,2017
804,32,JAWA BARAT,3278,KOTA TASIKMALAYA,CACAT LAINNYA,91,JIWA,2017
805,32,JAWA BARAT,3279,KOTA BANJAR,CACAT FISIK,153,JIWA,2017
806,32,JAWA BARAT,3279,KOTA BANJAR,CACAT NETRA/BUTA,64,JIWA,2017
807,32,JAWA BARAT,3279,KOTA BANJAR,CACAT RUNGU/WICARA,65,JIWA,2017
808,32,JAWA BARAT,3279,KOTA BANJAR,CACAT MENTAL/JIWA,103,JIWA,2017
809,32,JAWA BARAT,3279,KOTA BANJAR,CACAT FISIK DAN MENTAL,12,JIWA,2017
810,32,JAWA BARAT,3279,KOTA BANJAR,CACAT LAINNYA,17,JIWA,2017
811,32,JAWA BARAT,3201,KABUPATEN BOGOR,CACAT FISIK,518,JIWA,2018
812,32,JAWA BARAT,3201,KABUPATEN BOGOR,CACAT NETRA/BUTA,186,JIWA,2018
813,32,JAWA BARAT,3201,KABUPATEN BOGOR,CACAT RUNGU/WICARA,209,JIWA,2018
814,32,JAWA BARAT,3201,KABUPATEN BOGOR,CACAT MENTAL/JIWA,151,JIWA,2018
815,32,JAWA BARAT,3201,KABUPATEN BOGOR,CACAT FISIK DAN MENTAL,63,JIWA,2018
816,32,JAWA BARAT,3201,KABUPATEN BOGOR,CACAT LAINNYA,229,JIWA,2018
817,32,JAWA BARAT,3202,KABUPATEN SUKABUMI,CACAT FISIK,230,JIWA,2018
818,32,JAWA BARAT,3202,KABUPATEN SUKABUMI,CACAT NETRA/BUTA,121,JIWA,2018
819,32,JAWA BARAT,3202,KABUPATEN SUKABUMI,CACAT RUNGU/WICARA,129,JIWA,2018
820,32,JAWA BARAT,3202,KABUPATEN SUKABUMI,CACAT MENTAL/JIWA,49,JIWA,2018
821,32,JAWA BARAT,3202,KABUPATEN SUKABUMI,CACAT FISIK DAN MENTAL,12,JIWA,2018
822,32,JAWA BARAT,3202,KABUPATEN SUKABUMI,CACAT LAINNYA,103,JIWA,2018
823,32,JAWA BARAT,3203,KABUPATEN CIANJUR,CACAT FISIK,401,JIWA,2018
824,32,JAWA BARAT,3203,KABUPATEN CIANJUR,CACAT NETRA/BUTA,95,JIWA,2018
825,32,JAWA BARAT,3203,KABUPATEN CIANJUR,CACAT RUNGU/WICARA,111,JIWA,2018
826,32,JAWA BARAT,3203,KABUPATEN CIANJUR,CACAT MENTAL/JIWA,57,JIWA,2018
827,32,JAWA BARAT,3203,KABUPATEN CIANJUR,CACAT FISIK DAN MENTAL,28,JIWA,2018
828,32,JAWA BARAT,3203,KABUPATEN CIANJUR,CACAT LAINNYA,96,JIWA,2018
829,32,JAWA BARAT,3204,KABUPATEN BANDUNG,CACAT FISIK,616,JIWA,2018
830,32,JAWA BARAT,3204,KABUPATEN BANDUNG,CACAT NETRA/BUTA,159,JIWA,2018
831,32,JAWA BARAT,3204,KABUPATEN BANDUNG,CACAT RUNGU/WICARA,170,JIWA,2018
832,32,JAWA BARAT,3204,KABUPATEN BANDUNG,CACAT MENTAL/JIWA,145,JIWA,2018
833,32,JAWA BARAT,3204,KABUPATEN BANDUNG,CACAT FISIK DAN MENTAL,62,JIWA,2018
834,32,JAWA BARAT,3204,KABUPATEN BANDUNG,CACAT LAINNYA,379,JIWA,2018
835,32,JAWA BARAT,3205,KABUPATEN GARUT,CACAT FISIK,294,JIWA,2018
836,32,JAWA BARAT,3205,KABUPATEN GARUT,CACAT NETRA/BUTA,152,JIWA,2018
837,32,JAWA BARAT,3205,KABUPATEN GARUT,CACAT RUNGU/WICARA,203,JIWA,2018
838,32,JAWA BARAT,3205,KABUPATEN GARUT,CACAT MENTAL/JIWA,97,JIWA,2018
839,32,JAWA BARAT,3205,KABUPATEN GARUT,CACAT FISIK DAN MENTAL,50,JIWA,2018
840,32,JAWA BARAT,3205,KABUPATEN GARUT,CACAT LAINNYA,99,JIWA,2018
841,32,JAWA BARAT,3206,KABUPATEN TASIKMALAYA,CACAT FISIK,264,JIWA,2018
842,32,JAWA BARAT,3206,KABUPATEN TASIKMALAYA,CACAT NETRA/BUTA,117,JIWA,2018
843,32,JAWA BARAT,3206,KABUPATEN TASIKMALAYA,CACAT RUNGU/WICARA,140,JIWA,2018
844,32,JAWA BARAT,3206,KABUPATEN TASIKMALAYA,CACAT MENTAL/JIWA,108,JIWA,2018
845,32,JAWA BARAT,3206,KABUPATEN TASIKMALAYA,CACAT FISIK DAN MENTAL,24,JIWA,2018
846,32,JAWA BARAT,3206,KABUPATEN TASIKMALAYA,CACAT LAINNYA,45,JIWA,2018
847,32,JAWA BARAT,3207,KABUPATEN CIAMIS,CACAT FISIK,6633,JIWA,2018
848,32,JAWA BARAT,3207,KABUPATEN CIAMIS,CACAT NETRA/BUTA,1135,JIWA,2018
849,32,JAWA BARAT,3207,KABUPATEN CIAMIS,CACAT RUNGU/WICARA,634,JIWA,2018
850,32,JAWA BARAT,3207,KABUPATEN CIAMIS,CACAT MENTAL/JIWA,527,JIWA,2018
851,32,JAWA BARAT,3207,KABUPATEN CIAMIS,CACAT FISIK DAN MENTAL,153,JIWA,2018
852,32,JAWA BARAT,3207,KABUPATEN CIAMIS,CACAT LAINNYA,302,JIWA,2018
853,32,JAWA BARAT,3208,KABUPATEN KUNINGAN,CACAT FISIK,146,JIWA,2018
854,32,JAWA BARAT,3208,KABUPATEN KUNINGAN,CACAT NETRA/BUTA,93,JIWA,2018
855,32,JAWA BARAT,3208,KABUPATEN KUNINGAN,CACAT RUNGU/WICARA,135,JIWA,2018
856,32,JAWA BARAT,3208,KABUPATEN KUNINGAN,CACAT MENTAL/JIWA,132,JIWA,2018
857,32,JAWA BARAT,3208,KABUPATEN KUNINGAN,CACAT FISIK DAN MENTAL,25,JIWA,2018
858,32,JAWA BARAT,3208,KABUPATEN KUNINGAN,CACAT LAINNYA,50,JIWA,2018
859,32,JAWA BARAT,3209,KABUPATEN CIREBON,CACAT FISIK,91,JIWA,2018
860,32,JAWA BARAT,3209,KABUPATEN CIREBON,CACAT NETRA/BUTA,18,JIWA,2018
861,32,JAWA BARAT,3209,KABUPATEN CIREBON,CACAT RUNGU/WICARA,52,JIWA,2018
862,32,JAWA BARAT,3209,KABUPATEN CIREBON,CACAT MENTAL/JIWA,20,JIWA,2018
863,32,JAWA BARAT,3209,KABUPATEN CIREBON,CACAT FISIK DAN MENTAL,14,JIWA,2018
864,32,JAWA BARAT,3209,KABUPATEN CIREBON,CACAT LAINNYA,30,JIWA,2018
865,32,JAWA BARAT,3210,KABUPATEN MAJALENGKA,CACAT FISIK,282,JIWA,2018
866,32,JAWA BARAT,3210,KABUPATEN MAJALENGKA,CACAT NETRA/BUTA,80,JIWA,2018
867,32,JAWA BARAT,3210,KABUPATEN MAJALENGKA,CACAT RUNGU/WICARA,144,JIWA,2018
868,32,JAWA BARAT,3210,KABUPATEN MAJALENGKA,CACAT MENTAL/JIWA,75,JIWA,2018
869,32,JAWA BARAT,3210,KABUPATEN MAJALENGKA,CACAT FISIK DAN MENTAL,30,JIWA,2018
870,32,JAWA BARAT,3210,KABUPATEN MAJALENGKA,CACAT LAINNYA,55,JIWA,2018
871,32,JAWA BARAT,3211,KABUPATEN SUMEDANG,CACAT FISIK,209,JIWA,2018
872,32,JAWA BARAT,3211,KABUPATEN SUMEDANG,CACAT NETRA/BUTA,115,JIWA,2018
873,32,JAWA BARAT,3211,KABUPATEN SUMEDANG,CACAT RUNGU/WICARA,170,JIWA,2018
874,32,JAWA BARAT,3211,KABUPATEN SUMEDANG,CACAT MENTAL/JIWA,141,JIWA,2018
875,32,JAWA BARAT,3211,KABUPATEN SUMEDANG,CACAT FISIK DAN MENTAL,38,JIWA,2018
876,32,JAWA BARAT,3211,KABUPATEN SUMEDANG,CACAT LAINNYA,71,JIWA,2018
877,32,JAWA BARAT,3212,KABUPATEN INDRAMAYU,CACAT FISIK,358,JIWA,2018
878,32,JAWA BARAT,3212,KABUPATEN INDRAMAYU,CACAT NETRA/BUTA,156,JIWA,2018
879,32,JAWA BARAT,3212,KABUPATEN INDRAMAYU,CACAT RUNGU/WICARA,261,JIWA,2018
880,32,JAWA BARAT,3212,KABUPATEN INDRAMAYU,CACAT MENTAL/JIWA,232,JIWA,2018
881,32,JAWA BARAT,3212,KABUPATEN INDRAMAYU,CACAT FISIK DAN MENTAL,96,JIWA,2018
882,32,JAWA BARAT,3212,KABUPATEN INDRAMAYU,CACAT LAINNYA,78,JIWA,2018
883,32,JAWA BARAT,3213,KABUPATEN SUBANG,CACAT FISIK,88,JIWA,2018
884,32,JAWA BARAT,3213,KABUPATEN SUBANG,CACAT NETRA/BUTA,53,JIWA,2018
885,32,JAWA BARAT,3213,KABUPATEN SUBANG,CACAT RUNGU/WICARA,54,JIWA,2018
886,32,JAWA BARAT,3213,KABUPATEN SUBANG,CACAT MENTAL/JIWA,44,JIWA,2018
887,32,JAWA BARAT,3213,KABUPATEN SUBANG,CACAT FISIK DAN MENTAL,23,JIWA,2018
888,32,JAWA BARAT,3213,KABUPATEN SUBANG,CACAT LAINNYA,37,JIWA,2018
889,32,JAWA BARAT,3214,KABUPATEN PURWAKARTA,CACAT FISIK,95,JIWA,2018
890,32,JAWA BARAT,3214,KABUPATEN PURWAKARTA,CACAT NETRA/BUTA,50,JIWA,2018
891,32,JAWA BARAT,3214,KABUPATEN PURWAKARTA,CACAT RUNGU/WICARA,70,JIWA,2018
892,32,JAWA BARAT,3214,KABUPATEN PURWAKARTA,CACAT MENTAL/JIWA,75,JIWA,2018
893,32,JAWA BARAT,3214,KABUPATEN PURWAKARTA,CACAT FISIK DAN MENTAL,15,JIWA,2018
894,32,JAWA BARAT,3214,KABUPATEN PURWAKARTA,CACAT LAINNYA,45,JIWA,2018
895,32,JAWA BARAT,3215,KABUPATEN KARAWANG,CACAT FISIK,241,JIWA,2018
896,32,JAWA BARAT,3215,KABUPATEN KARAWANG,CACAT NETRA/BUTA,111,JIWA,2018
897,32,JAWA BARAT,3215,KABUPATEN KARAWANG,CACAT RUNGU/WICARA,129,JIWA,2018
898,32,JAWA BARAT,3215,KABUPATEN KARAWANG,CACAT MENTAL/JIWA,111,JIWA,2018
899,32,JAWA BARAT,3215,KABUPATEN KARAWANG,CACAT FISIK DAN MENTAL,37,JIWA,2018
900,32,JAWA BARAT,3215,KABUPATEN KARAWANG,CACAT LAINNYA,62,JIWA,2018
901,32,JAWA BARAT,3216,KABUPATEN BEKASI,CACAT FISIK,210,JIWA,2018
902,32,JAWA BARAT,3216,KABUPATEN BEKASI,CACAT NETRA/BUTA,163,JIWA,2018
903,32,JAWA BARAT,3216,KABUPATEN BEKASI,CACAT RUNGU/WICARA,162,JIWA,2018
904,32,JAWA BARAT,3216,KABUPATEN BEKASI,CACAT MENTAL/JIWA,111,JIWA,2018
905,32,JAWA BARAT,3216,KABUPATEN BEKASI,CACAT FISIK DAN MENTAL,79,JIWA,2018
906,32,JAWA BARAT,3216,KABUPATEN BEKASI,CACAT LAINNYA,224,JIWA,2018
907,32,JAWA BARAT,3217,KABUPATEN BANDUNG BARAT,CACAT FISIK,87,JIWA,2018
908,32,JAWA BARAT,3217,KABUPATEN BANDUNG BARAT,CACAT NETRA/BUTA,37,JIWA,2018
909,32,JAWA BARAT,3217,KABUPATEN BANDUNG BARAT,CACAT RUNGU/WICARA,44,JIWA,2018
910,32,JAWA BARAT,3217,KABUPATEN BANDUNG BARAT,CACAT MENTAL/JIWA,29,JIWA,2018
911,32,JAWA BARAT,3217,KABUPATEN BANDUNG BARAT,CACAT FISIK DAN MENTAL,6,JIWA,2018
912,32,JAWA BARAT,3217,KABUPATEN BANDUNG BARAT,CACAT LAINNYA,31,JIWA,2018
913,32,JAWA BARAT,3218,KABUPATEN PANGANDARAN,CACAT FISIK,2979,JIWA,2018
914,32,JAWA BARAT,3218,KABUPATEN PANGANDARAN,CACAT NETRA/BUTA,271,JIWA,2018
915,32,JAWA BARAT,3218,KABUPATEN PANGANDARAN,CACAT RUNGU/WICARA,165,JIWA,2018
916,32,JAWA BARAT,3218,KABUPATEN PANGANDARAN,CACAT MENTAL/JIWA,95,JIWA,2018
917,32,JAWA BARAT,3218,KABUPATEN PANGANDARAN,CACAT FISIK DAN MENTAL,34,JIWA,2018
918,32,JAWA BARAT,3218,KABUPATEN PANGANDARAN,CACAT LAINNYA,71,JIWA,2018
919,32,JAWA BARAT,3271,KOTA BOGOR,CACAT FISIK,12,JIWA,2018
920,32,JAWA BARAT,3271,KOTA BOGOR,CACAT NETRA/BUTA,79,JIWA,2018
921,32,JAWA BARAT,3271,KOTA BOGOR,CACAT RUNGU/WICARA,60,JIWA,2018
922,32,JAWA BARAT,3271,KOTA BOGOR,CACAT MENTAL/JIWA,24,JIWA,2018
923,32,JAWA BARAT,3271,KOTA BOGOR,CACAT FISIK DAN MENTAL,10,JIWA,2018
924,32,JAWA BARAT,3271,KOTA BOGOR,CACAT LAINNYA,50,JIWA,2018
925,32,JAWA BARAT,3272,KOTA SUKABUMI,CACAT FISIK,53,JIWA,2018
926,32,JAWA BARAT,3272,KOTA SUKABUMI,CACAT NETRA/BUTA,21,JIWA,2018
927,32,JAWA BARAT,3272,KOTA SUKABUMI,CACAT RUNGU/WICARA,43,JIWA,2018
928,32,JAWA BARAT,3272,KOTA SUKABUMI,CACAT MENTAL/JIWA,15,JIWA,2018
929,32,JAWA BARAT,3272,KOTA SUKABUMI,CACAT FISIK DAN MENTAL,8,JIWA,2018
930,32,JAWA BARAT,3272,KOTA SUKABUMI,CACAT LAINNYA,21,JIWA,2018
931,32,JAWA BARAT,3273,KOTA BANDUNG,CACAT FISIK,390,JIWA,2018
932,32,JAWA BARAT,3273,KOTA BANDUNG,CACAT NETRA/BUTA,258,JIWA,2018
933,32,JAWA BARAT,3273,KOTA BANDUNG,CACAT RUNGU/WICARA,283,JIWA,2018
934,32,JAWA BARAT,3273,KOTA BANDUNG,CACAT MENTAL/JIWA,238,JIWA,2018
935,32,JAWA BARAT,3273,KOTA BANDUNG,CACAT FISIK DAN MENTAL,100,JIWA,2018
936,32,JAWA BARAT,3273,KOTA BANDUNG,CACAT LAINNYA,302,JIWA,2018
937,32,JAWA BARAT,3274,KOTA CIREBON,CACAT FISIK,112,JIWA,2018
938,32,JAWA BARAT,3274,KOTA CIREBON,CACAT NETRA/BUTA,52,JIWA,2018
939,32,JAWA BARAT,3274,KOTA CIREBON,CACAT RUNGU/WICARA,99,JIWA,2018
940,32,JAWA BARAT,3274,KOTA CIREBON,CACAT MENTAL/JIWA,62,JIWA,2018
941,32,JAWA BARAT,3274,KOTA CIREBON,CACAT FISIK DAN MENTAL,28,JIWA,2018
942,32,JAWA BARAT,3274,KOTA CIREBON,CACAT LAINNYA,36,JIWA,2018
943,32,JAWA BARAT,3275,KOTA BEKASI,CACAT FISIK,205,JIWA,2018
944,32,JAWA BARAT,3275,KOTA BEKASI,CACAT NETRA/BUTA,150,JIWA,2018
945,32,JAWA BARAT,3275,KOTA BEKASI,CACAT RUNGU/WICARA,234,JIWA,2018
946,32,JAWA BARAT,3275,KOTA BEKASI,CACAT MENTAL/JIWA,199,JIWA,2018
947,32,JAWA BARAT,3275,KOTA BEKASI,CACAT FISIK DAN MENTAL,75,JIWA,2018
948,32,JAWA BARAT,3275,KOTA BEKASI,CACAT LAINNYA,7274,JIWA,2018
949,32,JAWA BARAT,3276,KOTA DEPOK,CACAT FISIK,331,JIWA,2018
950,32,JAWA BARAT,3276,KOTA DEPOK,CACAT NETRA/BUTA,86,JIWA,2018
951,32,JAWA BARAT,3276,KOTA DEPOK,CACAT RUNGU/WICARA,200,JIWA,2018
952,32,JAWA BARAT,3276,KOTA DEPOK,CACAT MENTAL/JIWA,166,JIWA,2018
953,32,JAWA BARAT,3276,KOTA DEPOK,CACAT FISIK DAN MENTAL,54,JIWA,2018
954,32,JAWA BARAT,3276,KOTA DEPOK,CACAT LAINNYA,168,JIWA,2018
955,32,JAWA BARAT,3277,KOTA CIMAHI,CACAT FISIK,327,JIWA,2018
956,32,JAWA BARAT,3277,KOTA CIMAHI,CACAT NETRA/BUTA,106,JIWA,2018
957,32,JAWA BARAT,3277,KOTA CIMAHI,CACAT RUNGU/WICARA,145,JIWA,2018
958,32,JAWA BARAT,3277,KOTA CIMAHI,CACAT MENTAL/JIWA,204,JIWA,2018
959,32,JAWA BARAT,3277,KOTA CIMAHI,CACAT FISIK DAN MENTAL,28,JIWA,2018
960,32,JAWA BARAT,3277,KOTA CIMAHI,CACAT LAINNYA,104,JIWA,2018
961,32,JAWA BARAT,3278,KOTA TASIKMALAYA,CACAT FISIK,161,JIWA,2018
962,32,JAWA BARAT,3278,KOTA TASIKMALAYA,CACAT NETRA/BUTA,57,JIWA,2018
963,32,JAWA BARAT,3278,KOTA TASIKMALAYA,CACAT RUNGU/WICARA,79,JIWA,2018
964,32,JAWA BARAT,3278,KOTA TASIKMALAYA,CACAT MENTAL/JIWA,58,JIWA,2018
965,32,JAWA BARAT,3278,KOTA TASIKMALAYA,CACAT FISIK DAN MENTAL,21,JIWA,2018
966,32,JAWA BARAT,3278,KOTA TASIKMALAYA,CACAT LAINNYA,64,JIWA,2018
967,32,JAWA BARAT,3279,KOTA BANJAR,CACAT FISIK,143,JIWA,2018
968,32,JAWA BARAT,3279,KOTA BANJAR,CACAT NETRA/BUTA,58,JIWA,2018
969,32,JAWA BARAT,3279,KOTA BANJAR,CACAT RUNGU/WICARA,62,JIWA,2018
970,32,JAWA BARAT,3279,KOTA BANJAR,CACAT MENTAL/JIWA,99,JIWA,2018
971,32,JAWA BARAT,3279,KOTA BANJAR,CACAT FISIK DAN MENTAL,15,JIWA,2018
972,32,JAWA BARAT,3279,KOTA BANJAR,CACAT LAINNYA,13,JIWA,2018
973,32,JAWA BARAT,3201,KABUPATEN BOGOR,CACAT FISIK,444,JIWA,2021
974,32,JAWA BARAT,3201,KABUPATEN BOGOR,CACAT NETRA/BUTA,189,JIWA,2021
975,32,JAWA BARAT,3201,KABUPATEN BOGOR,CACAT RUNGU/WICARA,223,JIWA,2021
976,32,JAWA BARAT,3201,KABUPATEN BOGOR,CACAT MENTAL/JIWA,199,JIWA,2021
977,32,JAWA BARAT,3201,KABUPATEN BOGOR,CACAT FISIK DAN MENTAL,65,JIWA,2021
978,32,JAWA BARAT,3201,KABUPATEN BOGOR,CACAT LAINNYA,308,JIWA,2021
979,32,JAWA BARAT,3202,KABUPATEN SUKABUMI,CACAT FISIK,201,JIWA,2021
980,32,JAWA BARAT,3202,KABUPATEN SUKABUMI,CACAT NETRA/BUTA,111,JIWA,2021
981,32,JAWA BARAT,3202,KABUPATEN SUKABUMI,CACAT RUNGU/WICARA,125,JIWA,2021
982,32,JAWA BARAT,3202,KABUPATEN SUKABUMI,CACAT MENTAL/JIWA,153,JIWA,2021
983,32,JAWA BARAT,3202,KABUPATEN SUKABUMI,CACAT FISIK DAN MENTAL,28,JIWA,2021
984,32,JAWA BARAT,3202,KABUPATEN SUKABUMI,CACAT LAINNYA,95,JIWA,2021
985,32,JAWA BARAT,3203,KABUPATEN CIANJUR,CACAT FISIK,376,JIWA,2021
986,32,JAWA BARAT,3203,KABUPATEN CIANJUR,CACAT NETRA/BUTA,94,JIWA,2021
987,32,JAWA BARAT,3203,KABUPATEN CIANJUR,CACAT RUNGU/WICARA,112,JIWA,2021
988,32,JAWA BARAT,3203,KABUPATEN CIANJUR,CACAT MENTAL/JIWA,64,JIWA,2021
989,32,JAWA BARAT,3203,KABUPATEN CIANJUR,CACAT FISIK DAN MENTAL,30,JIWA,2021
990,32,JAWA BARAT,3203,KABUPATEN CIANJUR,CACAT LAINNYA,93,JIWA,2021
991,32,JAWA BARAT,3204,KABUPATEN BANDUNG,CACAT FISIK,513,JIWA,2021
992,32,JAWA BARAT,3204,KABUPATEN BANDUNG,CACAT NETRA/BUTA,144,JIWA,2021
993,32,JAWA BARAT,3204,KABUPATEN BANDUNG,CACAT RUNGU/WICARA,168,JIWA,2021
994,32,JAWA BARAT,3204,KABUPATEN BANDUNG,CACAT MENTAL/JIWA,187,JIWA,2021
995,32,JAWA BARAT,3204,KABUPATEN BANDUNG,CACAT FISIK DAN MENTAL,63,JIWA,2021
996,32,JAWA BARAT,3204,KABUPATEN BANDUNG,CACAT LAINNYA,348,JIWA,2021
997,32,JAWA BARAT,3205,KABUPATEN GARUT,CACAT FISIK,358,JIWA,2021
998,32,JAWA BARAT,3205,KABUPATEN GARUT,CACAT NETRA/BUTA,155,JIWA,2021
999,32,JAWA BARAT,3205,KABUPATEN GARUT,CACAT RUNGU/WICARA,224,JIWA,2021
1000,32,JAWA BARAT,3205,KABUPATEN GARUT,CACAT MENTAL/JIWA,147,JIWA,2021
1001,32,JAWA BARAT,3205,KABUPATEN GARUT,CACAT FISIK DAN MENTAL,65,JIWA,2021
1002,32,JAWA BARAT,3205,KABUPATEN GARUT,CACAT LAINNYA,140,JIWA,2021
1003,32,JAWA BARAT,3206,KABUPATEN TASIKMALAYA,CACAT FISIK,266,JIWA,2021
1004,32,JAWA BARAT,3206,KABUPATEN TASIKMALAYA,CACAT NETRA/BUTA,117,JIWA,2021
1005,32,JAWA BARAT,3206,KABUPATEN TASIKMALAYA,CACAT RUNGU/WICARA,152,JIWA,2021
1006,32,JAWA BARAT,3206,KABUPATEN TASIKMALAYA,CACAT MENTAL/JIWA,141,JIWA,2021
1007,32,JAWA BARAT,3206,KABUPATEN TASIKMALAYA,CACAT FISIK DAN MENTAL,37,JIWA,2021
1008,32,JAWA BARAT,3206,KABUPATEN TASIKMALAYA,CACAT LAINNYA,55,JIWA,2021
1009,32,JAWA BARAT,3207,KABUPATEN CIAMIS,CACAT FISIK,5455,JIWA,2021
1010,32,JAWA BARAT,3207,KABUPATEN CIAMIS,CACAT NETRA/BUTA,943,JIWA,2021
1011,32,JAWA BARAT,3207,KABUPATEN CIAMIS,CACAT RUNGU/WICARA,602,JIWA,2021
1012,32,JAWA BARAT,3207,KABUPATEN CIAMIS,CACAT MENTAL/JIWA,645,JIWA,2021
1013,32,JAWA BARAT,3207,KABUPATEN CIAMIS,CACAT FISIK DAN MENTAL,178,JIWA,2021
1014,32,JAWA BARAT,3207,KABUPATEN CIAMIS,CACAT LAINNYA,316,JIWA,2021
1015,32,JAWA BARAT,3208,KABUPATEN KUNINGAN,CACAT FISIK,161,JIWA,2021
1016,32,JAWA BARAT,3208,KABUPATEN KUNINGAN,CACAT NETRA/BUTA,102,JIWA,2021
1017,32,JAWA BARAT,3208,KABUPATEN KUNINGAN,CACAT RUNGU/WICARA,159,JIWA,2021
1018,32,JAWA BARAT,3208,KABUPATEN KUNINGAN,CACAT MENTAL/JIWA,192,JIWA,2021
1019,32,JAWA BARAT,3208,KABUPATEN KUNINGAN,CACAT FISIK DAN MENTAL,34,JIWA,2021
1020,32,JAWA BARAT,3208,KABUPATEN KUNINGAN,CACAT LAINNYA,64,JIWA,2021
1021,32,JAWA BARAT,3209,KABUPATEN CIREBON,CACAT FISIK,89,JIWA,2021
1022,32,JAWA BARAT,3209,KABUPATEN CIREBON,CACAT NETRA/BUTA,32,JIWA,2021
1023,32,JAWA BARAT,3209,KABUPATEN CIREBON,CACAT RUNGU/WICARA,67,JIWA,2021
1024,32,JAWA BARAT,3209,KABUPATEN CIREBON,CACAT MENTAL/JIWA,54,JIWA,2021
1025,32,JAWA BARAT,3209,KABUPATEN CIREBON,CACAT FISIK DAN MENTAL,19,JIWA,2021
1026,32,JAWA BARAT,3209,KABUPATEN CIREBON,CACAT LAINNYA,42,JIWA,2021
1027,32,JAWA BARAT,3210,KABUPATEN MAJALENGKA,CACAT FISIK,266,JIWA,2021
1028,32,JAWA BARAT,3210,KABUPATEN MAJALENGKA,CACAT NETRA/BUTA,79,JIWA,2021
1029,32,JAWA BARAT,3210,KABUPATEN MAJALENGKA,CACAT RUNGU/WICARA,158,JIWA,2021
1030,32,JAWA BARAT,3210,KABUPATEN MAJALENGKA,CACAT MENTAL/JIWA,94,JIWA,2021
1031,32,JAWA BARAT,3210,KABUPATEN MAJALENGKA,CACAT FISIK DAN MENTAL,36,JIWA,2021
1032,32,JAWA BARAT,3210,KABUPATEN MAJALENGKA,CACAT LAINNYA,60,JIWA,2021
1033,32,JAWA BARAT,3211,KABUPATEN SUMEDANG,CACAT FISIK,185,JIWA,2021
1034,32,JAWA BARAT,3211,KABUPATEN SUMEDANG,CACAT NETRA/BUTA,99,JIWA,2021
1035,32,JAWA BARAT,3211,KABUPATEN SUMEDANG,CACAT RUNGU/WICARA,173,JIWA,2021
1036,32,JAWA BARAT,3211,KABUPATEN SUMEDANG,CACAT MENTAL/JIWA,135,JIWA,2021
1037,32,JAWA BARAT,3211,KABUPATEN SUMEDANG,CACAT FISIK DAN MENTAL,31,JIWA,2021
1038,32,JAWA BARAT,3211,KABUPATEN SUMEDANG,CACAT LAINNYA,62,JIWA,2021
1039,32,JAWA BARAT,3212,KABUPATEN INDRAMAYU,CACAT FISIK,311,JIWA,2021
1040,32,JAWA BARAT,3212,KABUPATEN INDRAMAYU,CACAT NETRA/BUTA,147,JIWA,2021
1041,32,JAWA BARAT,3212,KABUPATEN INDRAMAYU,CACAT RUNGU/WICARA,265,JIWA,2021
1042,32,JAWA BARAT,3212,KABUPATEN INDRAMAYU,CACAT MENTAL/JIWA,257,JIWA,2021
1043,32,JAWA BARAT,3212,KABUPATEN INDRAMAYU,CACAT FISIK DAN MENTAL,96,JIWA,2021
1044,32,JAWA BARAT,3212,KABUPATEN INDRAMAYU,CACAT LAINNYA,81,JIWA,2021
1045,32,JAWA BARAT,3213,KABUPATEN SUBANG,CACAT FISIK,83,JIWA,2021
1046,32,JAWA BARAT,3213,KABUPATEN SUBANG,CACAT NETRA/BUTA,55,JIWA,2021
1047,32,JAWA BARAT,3213,KABUPATEN SUBANG,CACAT RUNGU/WICARA,60,JIWA,2021
1048,32,JAWA BARAT,3213,KABUPATEN SUBANG,CACAT MENTAL/JIWA,62,JIWA,2021
1049,32,JAWA BARAT,3213,KABUPATEN SUBANG,CACAT FISIK DAN MENTAL,18,JIWA,2021
1050,32,JAWA BARAT,3213,KABUPATEN SUBANG,CACAT LAINNYA,32,JIWA,2021
1051,32,JAWA BARAT,3214,KABUPATEN PURWAKARTA,CACAT FISIK,84,JIWA,2021
1052,32,JAWA BARAT,3214,KABUPATEN PURWAKARTA,CACAT NETRA/BUTA,50,JIWA,2021
1053,32,JAWA BARAT,3214,KABUPATEN PURWAKARTA,CACAT RUNGU/WICARA,67,JIWA,2021
1054,32,JAWA BARAT,3214,KABUPATEN PURWAKARTA,CACAT MENTAL/JIWA,79,JIWA,2021
1055,32,JAWA BARAT,3214,KABUPATEN PURWAKARTA,CACAT FISIK DAN MENTAL,18,JIWA,2021
1056,32,JAWA BARAT,3214,KABUPATEN PURWAKARTA,CACAT LAINNYA,40,JIWA,2021
1057,32,JAWA BARAT,3215,KABUPATEN KARAWANG,CACAT FISIK,220,JIWA,2021
1058,32,JAWA BARAT,3215,KABUPATEN KARAWANG,CACAT NETRA/BUTA,105,JIWA,2021
1059,32,JAWA BARAT,3215,KABUPATEN KARAWANG,CACAT RUNGU/WICARA,122,JIWA,2021
1060,32,JAWA BARAT,3215,KABUPATEN KARAWANG,CACAT MENTAL/JIWA,161,JIWA,2021
1061,32,JAWA BARAT,3215,KABUPATEN KARAWANG,CACAT FISIK DAN MENTAL,43,JIWA,2021
1062,32,JAWA BARAT,3215,KABUPATEN KARAWANG,CACAT LAINNYA,68,JIWA,2021
1063,32,JAWA BARAT,3216,KABUPATEN BEKASI,CACAT FISIK,214,JIWA,2021
1064,32,JAWA BARAT,3216,KABUPATEN BEKASI,CACAT NETRA/BUTA,155,JIWA,2021
1065,32,JAWA BARAT,3216,KABUPATEN BEKASI,CACAT RUNGU/WICARA,166,JIWA,2021
1066,32,JAWA BARAT,3216,KABUPATEN BEKASI,CACAT MENTAL/JIWA,117,JIWA,2021
1067,32,JAWA BARAT,3216,KABUPATEN BEKASI,CACAT FISIK DAN MENTAL,74,JIWA,2021
1068,32,JAWA BARAT,3216,KABUPATEN BEKASI,CACAT LAINNYA,204,JIWA,2021
1069,32,JAWA BARAT,3217,KABUPATEN BANDUNG BARAT,CACAT FISIK,91,JIWA,2021
1070,32,JAWA BARAT,3217,KABUPATEN BANDUNG BARAT,CACAT NETRA/BUTA,39,JIWA,2021
1071,32,JAWA BARAT,3217,KABUPATEN BANDUNG BARAT,CACAT RUNGU/WICARA,53,JIWA,2021
1072,32,JAWA BARAT,3217,KABUPATEN BANDUNG BARAT,CACAT MENTAL/JIWA,42,JIWA,2021
1073,32,JAWA BARAT,3217,KABUPATEN BANDUNG BARAT,CACAT FISIK DAN MENTAL,11,JIWA,2021
1074,32,JAWA BARAT,3217,KABUPATEN BANDUNG BARAT,CACAT LAINNYA,30,JIWA,2021
1075,32,JAWA BARAT,3218,KABUPATEN PANGANDARAN,CACAT FISIK,2845,JIWA,2021
1076,32,JAWA BARAT,3218,KABUPATEN PANGANDARAN,CACAT NETRA/BUTA,237,JIWA,2021
1077,32,JAWA BARAT,3218,KABUPATEN PANGANDARAN,CACAT RUNGU/WICARA,163,JIWA,2021
1078,32,JAWA BARAT,3218,KABUPATEN PANGANDARAN,CACAT MENTAL/JIWA,111,JIWA,2021
1079,32,JAWA BARAT,3218,KABUPATEN PANGANDARAN,CACAT FISIK DAN MENTAL,33,JIWA,2021
1080,32,JAWA BARAT,3218,KABUPATEN PANGANDARAN,CACAT LAINNYA,71,JIWA,2021
1081,32,JAWA BARAT,3271,KOTA BOGOR,CACAT FISIK,10,JIWA,2021
1082,32,JAWA BARAT,3271,KOTA BOGOR,CACAT NETRA/BUTA,76,JIWA,2021
1083,32,JAWA BARAT,3271,KOTA BOGOR,CACAT RUNGU/WICARA,68,JIWA,2021
1084,32,JAWA BARAT,3271,KOTA BOGOR,CACAT MENTAL/JIWA,46,JIWA,2021
1085,32,JAWA BARAT,3271,KOTA BOGOR,CACAT FISIK DAN MENTAL,13,JIWA,2021
1086,32,JAWA BARAT,3271,KOTA BOGOR,CACAT LAINNYA,51,JIWA,2021
1087,32,JAWA BARAT,3272,KOTA SUKABUMI,CACAT FISIK,52,JIWA,2021
1088,32,JAWA BARAT,3272,KOTA SUKABUMI,CACAT NETRA/BUTA,22,JIWA,2021
1089,32,JAWA BARAT,3272,KOTA SUKABUMI,CACAT RUNGU/WICARA,36,JIWA,2021
1090,32,JAWA BARAT,3272,KOTA SUKABUMI,CACAT MENTAL/JIWA,18,JIWA,2021
1091,32,JAWA BARAT,3272,KOTA SUKABUMI,CACAT FISIK DAN MENTAL,10,JIWA,2021
1092,32,JAWA BARAT,3272,KOTA SUKABUMI,CACAT LAINNYA,19,JIWA,2021
1093,32,JAWA BARAT,3273,KOTA BANDUNG,CACAT FISIK,420,JIWA,2021
1094,32,JAWA BARAT,3273,KOTA BANDUNG,CACAT NETRA/BUTA,237,JIWA,2021
1095,32,JAWA BARAT,3273,KOTA BANDUNG,CACAT RUNGU/WICARA,314,JIWA,2021
1096,32,JAWA BARAT,3273,KOTA BANDUNG,CACAT MENTAL/JIWA,313,JIWA,2021
1097,32,JAWA BARAT,3273,KOTA BANDUNG,CACAT FISIK DAN MENTAL,145,JIWA,2021
1098,32,JAWA BARAT,3273,KOTA BANDUNG,CACAT LAINNYA,385,JIWA,2021
1099,32,JAWA BARAT,3274,KOTA CIREBON,CACAT FISIK,88,JIWA,2021
1100,32,JAWA BARAT,3274,KOTA CIREBON,CACAT NETRA/BUTA,45,JIWA,2021
1101,32,JAWA BARAT,3274,KOTA CIREBON,CACAT RUNGU/WICARA,82,JIWA,2021
1102,32,JAWA BARAT,3274,KOTA CIREBON,CACAT MENTAL/JIWA,57,JIWA,2021
1103,32,JAWA BARAT,3274,KOTA CIREBON,CACAT FISIK DAN MENTAL,26,JIWA,2021
1104,32,JAWA BARAT,3274,KOTA CIREBON,CACAT LAINNYA,30,JIWA,2021
1105,32,JAWA BARAT,3275,KOTA BEKASI,CACAT FISIK,177,JIWA,2021
1106,32,JAWA BARAT,3275,KOTA BEKASI,CACAT NETRA/BUTA,121,JIWA,2021
1107,32,JAWA BARAT,3275,KOTA BEKASI,CACAT RUNGU/WICARA,206,JIWA,2021
1108,32,JAWA BARAT,3275,KOTA BEKASI,CACAT MENTAL/JIWA,157,JIWA,2021
1109,32,JAWA BARAT,3275,KOTA BEKASI,CACAT FISIK DAN MENTAL,68,JIWA,2021
1110,32,JAWA BARAT,3275,KOTA BEKASI,CACAT LAINNYA,6074,JIWA,2021
1111,32,JAWA BARAT,3276,KOTA DEPOK,CACAT FISIK,239,JIWA,2021
1112,32,JAWA BARAT,3276,KOTA DEPOK,CACAT NETRA/BUTA,78,JIWA,2021
1113,32,JAWA BARAT,3276,KOTA DEPOK,CACAT RUNGU/WICARA,201,JIWA,2021
1114,32,JAWA BARAT,3276,KOTA DEPOK,CACAT MENTAL/JIWA,192,JIWA,2021
1115,32,JAWA BARAT,3276,KOTA DEPOK,CACAT FISIK DAN MENTAL,55,JIWA,2021
1116,32,JAWA BARAT,3276,KOTA DEPOK,CACAT LAINNYA,142,JIWA,2021
1117,32,JAWA BARAT,3277,KOTA CIMAHI,CACAT FISIK,284,JIWA,2021
1118,32,JAWA BARAT,3277,KOTA CIMAHI,CACAT NETRA/BUTA,103,JIWA,2021
1119,32,JAWA BARAT,3277,KOTA CIMAHI,CACAT RUNGU/WICARA,141,JIWA,2021
1120,32,JAWA BARAT,3277,KOTA CIMAHI,CACAT MENTAL/JIWA,175,JIWA,2021
1121,32,JAWA BARAT,3277,KOTA CIMAHI,CACAT FISIK DAN MENTAL,31,JIWA,2021
1122,32,JAWA BARAT,3277,KOTA CIMAHI,CACAT LAINNYA,83,JIWA,2021
1123,32,JAWA BARAT,3278,KOTA TASIKMALAYA,CACAT FISIK,167,JIWA,2021
1124,32,JAWA BARAT,3278,KOTA TASIKMALAYA,CACAT NETRA/BUTA,62,JIWA,2021
1125,32,JAWA BARAT,3278,KOTA TASIKMALAYA,CACAT RUNGU/WICARA,91,JIWA,2021
1126,32,JAWA BARAT,3278,KOTA TASIKMALAYA,CACAT MENTAL/JIWA,105,JIWA,2021
1127,32,JAWA BARAT,3278,KOTA TASIKMALAYA,CACAT FISIK DAN MENTAL,41,JIWA,2021
1128,32,JAWA BARAT,3278,KOTA TASIKMALAYA,CACAT LAINNYA,75,JIWA,2021
1129,32,JAWA BARAT,3279,KOTA BANJAR,CACAT FISIK,133,JIWA,2021
1130,32,JAWA BARAT,3279,KOTA BANJAR,CACAT NETRA/BUTA,53,JIWA,2021
1131,32,JAWA BARAT,3279,KOTA BANJAR,CACAT RUNGU/WICARA,64,JIWA,2021
1132,32,JAWA BARAT,3279,KOTA BANJAR,CACAT MENTAL/JIWA,139,JIWA,2021
1133,32,JAWA BARAT,3279,KOTA BANJAR,CACAT FISIK DAN MENTAL,14,JIWA,2021
1134,32,JAWA BARAT,3279,KOTA BANJAR,CACAT LAINNYA,17,JIWA,2021
